,sentences
1,  இது தவறு என நீங்கள் கருதினால் இங்கே தெரிவியுங்கள் அல்லது எனக்கு மின்னஞ்சல் செய்யுங்கள்
2,  தொழில்நுட்பம் தொடர்புடைய கட்டுரைகள் இந்த பக்க வகையில் அடங்கும் 
3,  மேலே குறிப்பிட்ட எண்களை ஒன்று இரண்டு மூன்று நான்கு ஐந்து 
4,  சிந்து நதி  இந்தியா பாகிஸ்தான் ஆகிய நாடுகளில் ஓடும் முக்கிய நதி 
5,  கண்டி நகரில் உள்ள புகழ் பெற்ற பௌத்த ஆலயம் ஆகும் 
6,  ஸ்ரீநிவாசன் இயக்கத்தில் வெளிவந்த இத்திரைப்படத்தில் சிவாஜி கணேசன் கே. ஆர். விஜயா மற்றும் பலரும் நடித்துள்ளனர் 
7,  எழுத்துப் பிழை திருத்தம் செய்யும் போது 
8,  பாலச்சந்தர் இயக்கத்தில் வெளிவந்த இத்திரைப்படத்தில் ரஜினிகாந்த் கமல்ஹாசன் மற்றும் பலரும் நடித்துள்ளனர் 
9,  கிருஷ்ணன் பஞ்சு இயக்கத்தில் வெளிவந்த இத்திரைப்படத்தில் சிவாஜி கணேசன் ராஜேந்திரன் மற்றும் பலரும் நடித்துள்ளனர் 
10,  யாருக்கும் மாற்றுக் கருத்து இருந்தால் பின்னர் மாற்றிக் கொள்ளலாம் 
11,  இந்த நிலையில் முன்னேற்றம் ஏற்பட்டு வருகின்றது என நினைக்கிறேன் 
12,  இராம.கி செல்வா போன்றவர்கள் இதற்கு இணையத்தில் உதவியாக இருக்கின்றார்கள் 
13,  தமிழகத்தில் அடிமை முறை ஆசிரியர் ஆ.சிவசுப்பிரமணியம் வெளியீடு  காலச்சுவடு பதிப்பகம் நாகர்கோவில் 
14,  சிறப்பாக இதன் இலை தமிழ்நாடு உட்பட தென்னிந்திய 
15,  மஞ்சள் – சீனாவின் முதன்மையான ஆறுகளில் ஒன்று 
16,  அப்படி ஒரு கையேடு ஏற்கனவே உள்ளதா 
17,  இருப்பினும் இணையத் தொடர்பு விரிவு த.வி 
18,  கோபாலகிருஷ்ணன் இயக்கத்தில் வெளிவந்த இத்திரைப்படத்தில் ஜெய்சங்கர் ஜெயலலிதா மற்றும் பலரும் நடித்துள்ளனர் 
19,  உங்களின் ஈடுபாடு மிகவும் மகிழ்ச்சி அளிக்கிறது 
20,  உலகின் முதல் எழுத்து முறைமை 
21,  மாநிலத்தில் அமைந்துள்ள கோயம்புத்தூர் மாவட்டத்தில் இருக்கும் ஒரு ஊர் ஆகும் 
22,  வீச்சு என்பது மிக நல்ல சொல் உடனே புரியும் சொல்லும் கூட 
23,  இவரது முதற் கவிதை திருகோணமலையில் இருந்து 
24,  தற்போதைய நிலையில் ஒன்றும் தெளிவில்லை. டெரன்ஸ் 
25,  எ.கா கனடா அமெரிக்கா போன்ற நாடுகளின் தகவல் சட்டங்கள் 
26,  ஆனால் விக்கிபீடியா ஓர் அகராதி அல்ல 
27,  எனக்கு யார் மீதும் ஐயம் இல்லை 
28,  இந்தக் கட்டுரையில் தேவையான தகவல்கள் உள்ளன 
29,  தொழில்நுட்ப அறிஞர்கள் குறித்த கட்டுரையைத் தொடங்குங்கள் 
30,  இது கட்டுரையின் உள்ளடக்கம் இருக்கும் தொகுத்தல் வசதிகள் இருக்கும் பக்கத்துக்கு இட்டு செல்லும் 
31,  ரவி வேளாண்மை கட்டுரையில் நீங்கள் சொல்வது வேளாண்மை கட்டுரை உலக நோக்கு உடையது தான் 
32,  என்ற ஒரு தொலைவு எண் உள்ளது 
33,  காவிரி  தென்னிந்தியாவின் முக்கிய ஆறு 
34,  த.வி.யில் தமிழ் பற்றிய கட்டுரையைப் பார்த்தேன் 
35,  பாலச்சந்தர் இயக்கத்தில் வெளிவந்த இத்திரைப்படத்தில் கமல்ஹாசன் ஸ்ரீதேவி மற்றும் பலரும் நடித்துள்ளனர் 
36,  சாமி இயக்கத்தில் வெளிவந்த இத்திரைப்படத்தில் சிவாஜி கணேசன் ராமசாமி மற்றும் பலரும் நடித்துள்ளனர் 
37,  திரைப்படங்கள் மீது மிகுந்த ஈடுபாடு கொண்ட ராவ் மற்றும் பலரும் நடித்துள்ளனர் 
38,  திபெத்திய மொழி பௌத்த இலக்கியங்களில் மிக முக்கிய பங்கு வகிக்கிறது 
39,  நன்றி சுந்தர் செல்வா ரவி கணேஷ் 
40,  ஐக்கிய அமெரிக்காவின் தெற்குப் பகுதியில் அமைந்துள்ளது 
41,  இப் பகுதியில் அதிக அளவில் பாறை ஓவியங்கள் காணப்படுகின்றன 
42,  தமிழிலும் ஆங்கிலத்திலும் பல ஆய்வுக் கட்டுரைகளையும் நூல்களும் எழுதி வெளியிட்டார் 
43,  ஒரு ஏற்பாடு என்றே புரிந்து கொள்ள முடிகிறது 
44,  இராம.கி யின் பரிந்துரை பொருந்தாது என்பது என் கருத்து 
45,  அல்லது இதைவிட சிறந்த தமிழ்ச் சொல் உள்ளதா 
46,  ஒரு மாதம் தேவையில்லை எனபது என் கருத்து. டெரன்ஸ் 
47,  தவிர அது தான் அவரது அதிகாரப்பூர்வ பெயரும் கூட 
48,  ராவ் இயக்கத்தில் வெளிவந்த இத்திரைப்படத்தில் ராவ் மற்றும் பலரும் நடித்துள்ளனர்  
49,  இவரது பெயரில் மட்டும் தலைப்பு அமைவது தான் வழமை. டெரன்ஸ் 
50,  இன்னும் சில பகுதிகள் இன்னும் சேர்க்க வேண்டும் எ.கா தமிழர் மெய்யியல் தமிழர் சட்டம் 
51,  லைடன் என்று வேறு நாடுகளில் ஊர்கள் இருக்கின்றன 
52,  ஆனால் அதற்கான இடம் விக்கிபீடியா அல்ல 
53,  கோபி ரவி தங்கள் கருத்துக்களுக்கு நன்றி 
54,  இங்கு பொருந்தாது என்பதும் நீக்க வேண்டும் என்பதும் என் பரிந்துரை 
55,  தொழில்நுட்ப அறிஞர்கள் பற்றி பிற கட்டுரைகளில் தேடிப்பாருங்கள் 
56,  இது தவிர இவர் பற்றிய வேறு தகவல்களும் அதிகம் இல்லை எனலாம் 
57,  தற்போது இது போன்று ஆராய்ந்து எழுதும் பங்களிப்பாளர்கள் இல்லாததால் இது போன்ற கூறுகளை தற்போது விக்சனரியில் காண இயலாது 
58,  விஜயன் இயக்கத்தில் வெளிவந்த இத்திரைப்படத்தில் சிவாஜி கணேசன் சுஜாதா மற்றும் பலரும் நடித்துள்ளனர் 
59,  ஹரி கிருஷ்ணன் செய்ய வேண்டிய ஒரு பெரும் திருத்தம் 
60,  பல்வேறு கருவிகள் பல்வேறு திட்டங்கள் பல்வேறு சேவை நிறுவனங்கள் 
61,  அவரை பற்றிய ஒரு அறிமுக குறிப்பு அவரது தளத்தில் உள்ளது சுட்டி 
62,  இராம.கி அவர்களின் பரிந்துரை சொற்கள் பொது பயன்பாட்டில் இல்லாமல் இருக்கலாம் 
63,  இக்கட்டுரையின் தலைப்பு மகாயான பௌத்தம் என்றே இருக்கலாம் 
64,  சூரியன் இந்திரன் சந்திரன் வழிபட்ட தலமென்பது தொன்நம்பிக்கை ஐதிகம் 
65,  தென்னிந்தியாவின் கர்நாடக மாநிலத்தில் உள்ள ஓர் ஆறு ஆகும் 
66,  இந்தியா பாகிஸ்தான் இலங்கை போன்ற நாடுகளில் மிகப் பிரபலமான விளையாட்டு இது 
67,  பயனர்கள் இலகுவாக இணைந்து பங்களிக்க ஏதுவாக இருக்க வேண்டும் 
68,  இதற்கு பதில் தந்து விட்டு வார்ப்புருவை நீக்கும் 
69,  அப்படி மேலாண்மை பேச்சு என்று ஒரு உதாரணம் கொடுக்க முடியுமா 
70,  உலகின் அனேக நாடுகளில் ஒன்றுக்கு மேற்பட்ட மொழிகள் வழக்கில் இருக்கின்றன எ.கா இந்தியா இலங்கை கனடா சிங்கப்பூர் 
71,  பண்பாடு நல்ல தமிழ்ச் சொல் மட்டுமல்ல பொருள் நிறைந்த சொல்லும் கூட 
72,  கி.மு தனிக் கட்டுரையாக இருக்க வேண்டும் 
73,  இது த.வி முன் இருக்கும் ஒரு முக்கிய பணி 
74,  நிரோ உங்கள் ஊக்கம் மிகுந்த மகிழ்ச்சி அளிக்கிறது 
75,  சிறு வயது முதல் இலக்கிய ஈடுபாடு கொண்டவர் 
76,  கிருஷ்ணன் பஞ்சு இயக்கத்தில் வெளிவந்த இத்திரைப்படத்தில் விஜயகுமார் கே. ஆர். விஜயா மற்றும் பலரும் நடித்துள்ளனர் 
77,  கீழ் காணும் துறைகள் இதில் அடங்கும் ஆனால் இவை மட்டுமே அல்ல 
78,  செயற்கை என்பது இங்கு தேவை இல்லை 
79,  ஆரம்பத்தில் தலித் இலக்கியம் குறித்த நம்பிக்கைகள் இருந்தன 
80,  தொழிலாளர்கள் பற்றி பிற கட்டுரைகளில் தேடிப்பாருங்கள் 
81,  கல்வெட்டுகள் இருந்தால் இன்னும் துல்லியமாக சில அறியலாம் 
82,  அங்கிருந்து படங்கள் இணைப்புகள் ஆகியவற்றை எளிமையாக வெட்டி இங்கு ஒட்டி விடலாம் 
83,  சம்பந்தர் அப்பர் சுந்தரர் மூவரதும் பாடல் பெற்ற இத்தலம் தஞ்சாவூர் மாவட்டத்தில் அமைந்துள்ளது 
84,  முத்துராமன் இயக்கத்தில் வெளிவந்த இத்திரைப்படத்தில் கமல்ஹாசன் ஸ்ரீபிரியா மற்றும் பலரும் நடித்துள்ளனர் 
85,  டெரன்ஸ் நாட்டார் பாடல் கட்டுரை ஓரளவு நல்ல நிலையில் உள்ளது 
86,  தனித்தமிழ் இயக்கத்தின் தோற்றம் அவசியம் வளர்ச்சி தற்போதைய நிலை ஆகியவற்றை விரிவாக எழுதலாம் 
87,  சலீல் சௌதுரி அதற்கு முக்கியமான முன்னோடி 
88,  கிருஷ்ணன் பஞ்சு இயக்கத்தில் வெளிவந்த இத்திரைப்படத்தில் முத்துராமன் லக்ஸ்மி மற்றும் பலரும் நடித்துள்ளனர் 
89,  சந்திரன் வழிபட்ட தலமென்பது தொன்நம்பிக்கை ஐதிகம் 
90,  சக்தி இயக்கத்தில் வெளிவந்த இத்திரைப்படத்தில் ரஜினிகாந்த் ஸ்ரீதேவி மற்றும் பலரும் நடித்துள்ளனர் 
91,  தமிழில் ஏற்ற சொற்கள் இருப்பதை இன்றும் வரவேற்கிறேன் 
92,  தமிழ் எழுத்தில் கிரந்த எழுத்துக்கள் அறிஞர் இராம.கி யின் கருத்துக்கள் 
93,  அதற்கு ஏதாவது குறிப்பிட்ட முறை உள்ளதா 
94,  இது தான் சரியான இடமும் கூட 
95,  பல தளங்களில் த.வி அறிமுகம் செய்யப்பட்டு வருகின்றது 
96,  இவன் காலம் கி.பி நூற்றாண்டின் தொடக்கம் ஆகும் 
97,  வேற்று மொழிகளுக்கு அவர்கள் விக்கி உள் இணைப்புகள் ஊடாக செல்ல முடிகின்றது 
98,  குறிப்பாக பெண்கள் இவற்றைப் பயன்படுத்தி அழகு செய்வதில் கூடிய ஈடுபாடு கொண்டுள்ளனர் 
99,  இது ஒரு முழுமையான பட்டியல் அல்ல 
100,  மிகவும் அடிப்படையான தலைப்பு குறித்த கட்டுரை 
101,  அதற்காக இங்கே முடிவுகள் எடுக்க முடியாது தானே 
102,  தமிழ் விக்கிபீடியாவின் இன்றைய நிலை என்ன 
103,  தொழில்கள் பற்றி பிற கட்டுரைகளில் தேடிப்பாருங்கள் 
104,  தொல்லியல் பதிவு என்பது முழுமையான பொருள் தருவதாக இருக்கிறது 
105,  ஐக்கிய அமெரிக்கா மற்றும் ஐக்கிய இராச்சியம் மீது போரை அறிவித்தது 
106,  விஜயன் இயக்கத்தில் வெளிவந்த இத்திரைப்படத்தில் சிவாஜி கணேசன் பாலாஜி மற்றும் பலரும் நடித்துள்ளனர் 
107,  அதற்கு ஏற்றவாறு மாற்றங்கள் செய்துள்ளேன் 
108,  ஆப்பிரிக்காவில் பாயும் ஓர் ஆறு ஆகும் 
109,  எங்கள் ஊர் ஒரு அமைதி பூங்கா 
110,  கிருஷ்ணன் பஞ்சு இயக்கத்தில் வெளிவந்த இத்திரைப்படத்தில் முத்துராமன் சுஜாதா மற்றும் பலரும் நடித்துள்ளனர் 
111,  இந்தியத் தமிழர்கள் பெரும்பான்மையாக வாழும் ஒரு சில நகரங்களில் இதுவும் ஒன்றாகும் 
112,  சலீல் சௌதுரி அதில் தெளிவாக இருந்தார் 
113,  தங்களின் ஹொங்கொங் கட்டுரை விரிவாக்கம் நன்றாக அமைந்துள்ளது 
114,  ஆஸ்திரேலிய மாநிலங்களில் நான்காவது பெரிய மாநிலமாகும் 
115,  இந்த நிலையில் பலருக்கு உடன்பாடு கிடையாது 
116,  அதுவே பொதுவாகப் பயன்பாட்டில் உள்ளது நல்ல தமிழ்ச் சொல்லும் கூட 
117,  பிரசாத் இயக்கத்தில் வெளிவந்த இத்திரைப்படத்தில் சிவாஜி கணேசன் ஏ.நாகேஸ்வர ராவ் மற்றும் பலரும் நடித்துள்ளனர் 
118,  த.வி அனேக கட்டுரைகளில் அதுவே பயன்படுத்தப்படுகிறது 
119,  சோழர் தமிழ் நாட்டில் வலிமை பெற்றிருந்த கி.பி 
120,  விக்கிபீடியாவில் படிப்படியாக அதிகரித்து வரும் உங்கள் ஈடுபாடு கண்டு மகிழ்கிறேன் ரவி 
121,  தமிழர் எவருக்கும் ஒரு மொழி மட்டும் தெரிந்து இருந்தால் அது நல்லதல்ல 
122,  இந்த விடயத்தில் தெளிவாக இருத்தல் நலம் என்பது என் ஆலோசனை 
123,  இது எனது தனிப்பட்ட கருத்து மாத்திரமே 
124,  அவர்கள் பேசும் மொழிகளும் ஒருங்கே திராவிட மொழிகள் என அழைக்கப்படுகின்றன 
125,  தொண்டு நிறுவனங்கள் குறித்த கட்டுரையைத் தொடங்குங்கள் 
126,  தொண்டு நிறுவனங்கள் பற்றி பிற கட்டுரைகளில் தேடிப்பாருங்கள் 
127,  எனினும் தமிழ் நாட்டில் பொது பயன்பாட்டில் இருக்கும் சொல் 
128,  இது அமிதாப புத்தரை நோக்கிய ஒரு பக்தி சார்ந்த பௌத்த பிரிவாகும் 
129,  பிரான்ஸ் நாட்டைச் சேர்ந்த ஓர் ஓவியர் ஆவார் 
130,  நீங்கள் வந்த தேவையை நாங்கள் நிறைவேற்றித் தருகிறோம் என்றனர் 
131,  பாலச்சந்தர் இயக்கத்தில் வெளிவந்த இத்திரைப்படத்தில் ரஜினிகாந்த் கமல்ஹாசன் மற்றும் பலர் நடித்துள்ளனர் 
132,  கிருஷ்ணன் மற்றும் பஞ்சு ஆகியோரின் இயக்கத்தில் வெளிவந்த இத்திரைப்படத்தில் ஜெமினி கணேசன் சரோஜா தேவி மற்றும் பலரும் நடித்துள்ளனர் 
133,  புதிதாக ஒரு பக்கம் உருவாக்கலாம். சிவகுமார் 
134,  ஐக்கிய அமெரிக்காவின் கிழக்கு பகுதியில் அமைந்துள்ளது 
135,  ஏற்கனவே பயன்படுத்தப்பட்டு இருக்கும் இடங்களில் நீக்கலாம் 
136,  பீடபூமி என்றுதான் இருக்க வேண்டும் என்று நீங்கள் விரும்பினால் மாற்றி விடுங்கள் 
137,  நல்ல சுட்டி நல்ல கருத்துக்கள் செல்வா 
138,  ஜயா  முத்து இயக்கத்தில் வெளிவந்த இத்திரைப்படத்தில் எஸ் 
139,  பொது ஊடகங்கள் குறித்த கட்டுரையைத் தொடங்குங்கள் 
140,  எனினும் பல ஆய்வாளர்கள் யாழ்ப்பாண அரசு கி.பி 
141,  செல்வா ஆனால் எல்லா இடங்களிலும் அல்ல 
142,  ஈழத்து இலக்கியம் இலங்கைத் தமிழ் இலக்கியம் ஆகிய இரண்டையும் இணைத்து ஒரு பிரதான கட்டுரை உருவாக்கலாம் 
143,  கோயம்புத்தூர் மாவட்டமும் இம்மாவட்டத்தின் எல்லைகளாக அமைந்துள்ளன 
144,  என்னும் இவருடைய வரிகள் புகழ் பெற்றவை 
145,  நாதன் இயக்கத்தில் வெளிவந்த இத்திரைப்படத்தில் ஆனந்தன் கே. ஆர். விஜயா மற்றும் பலரும் நடித்துள்ளனர்  
146,  தலித் என்பது தெலுங்கு சொல் என்று நினைக்கின்றேன் 
147,  இச்சொல் மிகவும் பரவலான பயன்பாட்டில் இருக்கின்றது 
148,  கோபி உங்களுடைய கருத்தில் ஓரளவு உண்மை இருக்கலாம் 
149,  இது இந்தியாவில் எழுதப்பட்ட பௌத்த சூத்திரம் ஆகும் 
150,  எழுத்தாளர் சுஜாதா கிரிக்கெட் வீரர் எம் 
151,  வேறு ஏதாவது ஒரு களம் ஆகவும் இருக்கலாம் 
152,  இது குறித்த மாற்றத்தை கட்டுரையில் செய்துள்ளேன் 
153,  ஹிந்தி இங்கு பெரும்பான்மையாக பேசப்படும் மொழி 
154,  ஈழத்து இலக்கியம் என்ற பகுப்பு இப்போது விக்கிபீடியாவில் இல்லை 
155,  ரஷ்யக் கூட்டமைப்பின் தற்போதைய தலைவர் ஆவார் 
156,  ஐக்கிய அமெரிக்காவின் வட மேற்குப் பகுதியில் அமைந்துள்ளது 
157,  அவருக்கு மேலும் விளக்கங்கள் அஞ்சல் செய்து இருக்கின்றேன் 
158,  டெரன்ஸ் தமிழ் விக்கிபீடியாவில் உங்களுடைய பங்களிப்பு அதன் வளர்ச்சிக்கு மிகவும் முக்கியமானது 
159,  இப்பக்கத்தை அழிக்க வேண்டாம் என்றே தோன்றுகிறது 
160,  இரண்டு ஆண்டுகள் முன்பு மயூரநாதன் மட்டும் தனியாக த.வி 
161,  இதைப் பற்றிய வரலாற்றுக் குறிப்புகள் கி.பி 
162,  ஸ்ரீநிவாசன் இயக்கத்தில் வெளிவந்த இத்திரைப்படத்தில் ராஜன் ஜெயந்தி மற்றும் பலரும் நடித்துள்ளனர் 
163,  பொது ஊடகங்கள் பற்றி பிற கட்டுரைகளில் தேடிப்பாருங்கள் 
164,  ஆனால் இது முடிந்த கதை அல்ல 
165,  பழந்தமிழ் நூல்களில் நான்கு பெரும் பகுப்புக்கள் உள்ளன 
166,  விஜயன் இயக்கத்தில் வெளிவந்த இத்திரைப்படத்தில் சிவாஜி கணேசன் கே. ஆர். விஜயா மற்றும் பலரும் நடித்துள்ளனர் 
167,  வெளி நாடுகளிலும் இப்பொழுது இச்சொல் பயன்படுத்தப்படுகின்றது 
168,  அவைகளை நீங்கள் பார்க்க வேண்டும் என வேண்டுகிறேன் 
169,  நிச்சயமாக கி.மு மூன்றாம் நூற்றாண்டு முதல் கி.பி மூன்றாம் நூற்றாண்டு வரை 
170,  மாதவன் இயக்கத்தில் வெளிவந்த இத்திரைப்படத்தில் சிவாஜி கணேசன் சௌகார் ஞானகி மற்றும் பலரும் நடித்துள்ளனர் 
171,  ரவி ஒரு சில கட்டுரைகளில் த.வி 
172,  அவற்றையும் ஓரிடத்தில் தொகுத்து வைப்பது நல்லது எனத் தோன்றுகின்றது 
173,  இது பின்னர் உலகின் ஏனைய நாடுகளுக்கும் பரவியது 
174,  கண்ணன் பிள்ளை ஸ்ரீ கண்ணன் பிலிம்ஸ் 
175,  ஐரோப்பா மலேசியா சிங்கப்பூர் ஆகிய மூன்றும் தமிழர்கள் நிறைய வாழும் நாடுகள் 
176,  முத்துராமன் இயக்கத்தில் வெளிவந்த இத்திரைப்படத்தில் ஜெய்சங்கர் கமல்ஹாசன் மற்றும் பலரும் நடித்துள்ளனர் 
177,  கோபாலகிருஷ்ணன் இயக்கத்தில் வெளிவந்த இத்திரைப்படத்தில் ஜெய்சங்கர் ஜெயலலிதா மற்றும் பலரும் நடித்துள்ளனர் 
178,  பிரகாஷ் ராவ் இயக்கத்தில் வெளிவந்த இத்திரைப்படத்தில் ஜெமினி கணேசன் ராவ் மற்றும் பலரும் நடித்துள்ளனர் 
179,  டெரன்ஸ் இது வேறு ஊர் என்று நினைக்கிறேன் 
180,  பூமி என்பதை புவி என்று மாற்ற வேண்டுகிறேன் 
181,  ஆனால் இது முடிந்த முடிவு அல்ல 
182,  ஆகவே அன்று தொடங்கி இந்த முயற்சியில் ஈடுபட்டார் 
183,  ஆம் இதில் பல சிக்கல்கள் உள்ளன 
184,  ராஜேந்திரன் இயக்கத்தில் வெளிவந்த இத்திரைப்படத்தில் ஜெய்சங்கர் கே. ஆர். விஜயா மற்றும் பலரும் நடித்துள்ளனர் 
185,  பல புதிய பயனர்களின் வரவு நம்பிக்கை அளிக்கிறது 
186,  அப்பொழுது என்ன செய்வது ஒரு கட்டுரை மாற்றம் அடையும் பொழுது அம் மாற்றத்தை விக்கி வரலாற்றில் பதிவு செய்கின்றது 
187,  சீன மொழியிலும் அதே காரணத்தால் தான் சீன சொற்கள் உருவாக்கப்பட்டது 
188,  பாலு இயக்கத்தில் வெளிவந்த இத்திரைப்படத்தில் கமல்ஹாசன் அசோகன் மற்றும் பலரும் நடித்துள்ளனர் 
189,  ராஜேந்திரன் இயக்கத்தில் வெளிவந்த இத்திரைப்படத்தில் எஸ் 
190,  தற்கால வாழ்வியல் குறித்த கட்டுரையைத் தொடங்குங்கள் 
191,  யாழ்ப்பாண அரசின் இலங்கை ஆட்சி 
192,  எம். எஸ். சுப்புலட்சுமி கருநாடக இசைக் கலைஞர் 
193,  பௌத்த சின்னங்கள் குறித்த கட்டுரையைத் தொடங்குங்கள் 
194,  இப்போது எனது தனிப்பட்ட கருத்தில் ஓரளவு மாற்றம் வந்துள்ளது 
195,  குறிப்பாக ஐரோப்பாவில் ஒரு தமிழ் இலக்கிய புலம் உண்டு 
196,  கிருஷ்ணன் இயக்கத்தில் வெளிவந்த இத்திரைப்படத்தில் டி 
197,  இதன் அடிப்படையில் பின்வரும் அட்டவணை ஏற்படுகிறது 
198,  முறையான அனுமதி பெற இது தேவை என இங்கே கூறப்பட்டுள்ளது 
199,  ஸ்ரீதர் ராவ் இயக்கத்தில் வெளிவந்த இத்திரைப்படத்தில் ஏ. நாகேஸ்வர ராவ் மற்றும் பலரும் நடித்துள்ளனர் 
200,  பாபநாசம் இந்தியாவின் தமிழ்நாடு மாநிலத்தில் தஞ்சாவூர் மாவட்டத்தில் உள்ள ஒரு ஊர் 
201,  புவி மணி நேரம் அல்லது புவி நேரம் என மாற்றலாம். சிவகுமார் 
202,  கனகு என் கேள்வி இவர் ஒருவர் குறித்து மட்டும் அல்ல 
203,  யாழ்ப்பாண பல்கலைக்கழகத்தில் கற்ற காலத்தில் கவிதை சிறுகதை நாடகம் கட்டுரை பேச்சு ஆகிய துறைகளில் ஈடுபட்டார் 
204,  இத் தலைப்பில் பின்வரும் கட்டுரைகள் உள்ளன 
205,  என் கருத்து என்னவென்றால் எல்லா நடிகர்கள் விளையாட்டு வீரர்கள் பற்றித் தனி கட்டுரைகள் இருக்க வேண்டியதில்லை 
206,  ஸ்ரீநிவாசன் இயக்கத்தில் வெளிவந்த இத்திரைப்படத்தில் ஜெமினி கணேசன் கே. ஆர். விஜயா மற்றும் பலரும் நடித்துள்ளனர்  
207,  இவை தவிர மேலும் சில படி நிலை நடவடிக்கைகள் எடுக்க முடியும் 
208,  கிருஷ்ணன் பஞ்சு இயக்கத்தில் வெளிவந்த இத்திரைப்படத்தில் விஜயகுமார் சுஜாதா மற்றும் பலரும் நடித்துள்ளனர் 
209,  அதாவது பொருள் நிறைந்த ஒரு தமிழ் சொல் 
210,  ஐக்கிய அமெரிக்காவின் ஐந்து மத்திய அட்லாண்டிக் மாநிலங்களுள் ஒன்று 
211,  பாலு இயக்கத்தில் வெளிவந்த இத்திரைப்படத்தில் கமல்ஹாசன் ஸ்ரீதேவி மற்றும் பலரும் நடித்துள்ளனர் 
212,  அது போல் இக்கட்டுரையை மாற்றி எழுதலாம் 
213,  சென்னை நகரில் ஓடும் ஆறுகளில் ஒன்று 
214,  பௌத்த சின்னங்கள் பற்றி பிற கட்டுரைகளில் தேடிப்பாருங்கள் 
215,  எல்லோருக்கும் எல்லாம் கிடைக்கும் நிலை ஏற்பட்டது 
216,  விக்கிபீடியா பயனர்கள் பாலாஜி மற்றும் செல்வா உடைய ஆக்கத்தை அடிப்படையாகக் கொண்டது 
217,  தானியங்கி மூலம் ஒரே நேரத்தில் சில ஆயிரம் கட்டுரைகளை உருவாக்க முடியும் 
218,  ராஜேந்திரன் இயக்கத்தில் வெளிவந்த இத்திரைப்படத்தில் ராஜேந்திரன்  தங்கவேலு மற்றும் பலரும் நடித்துள்ளனர் 
219,  இந்த இயற்கை வாதம் ஏன் எம்.ஜி.ஆர் 
220,  இந்த ஊர் மிக பழமையான கிராமம் 
221,  ஆனால் அவை சைவ சமயத்தின் குறைபாடுகள் அல்ல 
222,  சூழல் என்ற சொல் ஈழத்தில் மிகவும் பரவலாகப் பயன்படுகிறது 
223,  ஆனாலும் இரண்டு நாடுகளுக்கும் இடையில் ஒலிப்பு முறையில் சிறு வேறுபாடுகள் காணப்படுகின்றன 
224,  கால் என்றாலும் வளி என்றாலும் ஒன்றே 
225,  கட்டுரைத் தலைப்புகளில் ஆங்கிலம் தவிர்ப்பது விக்கிபீடியா கொள்கை 
226,  தற்கால வாழ்வியல் பற்றி பிற கட்டுரைகளில் தேடிப்பாருங்கள் 
227,  ஏனெனில் பொது ஆக்கம் என்பது பொதுவான ஆக்கம் என்று பொருள் படும் 
228,  இவர் கௌதம புத்தர் போதி நிலை அடைந்த போது இவர் அங்கு இருந்தார் 
229,  அது மிக நல்ல ஒரு முயற்சி 
230,  மற்றபடி அண்மையில் பல புதிய கட்டுரைகள் உருவாகி வருவதை கண்டு மகிழ்கிறேன் 
231,  சக்தி இயக்கத்தில் வெளிவந்த இத்திரைப்படத்தில் கமல்ஹாசன் ஸ்ரீதேவி மற்றும் பலரும் நடித்துள்ளனர் 
232,  கணிதத்தில் குலம் என்பது ஓர் இயற்கணித அமைப்பு 
233,  பிரகாஷ் இயக்கத்தில் வெளிவந்த இத்திரைப்படத்தில் ஆர் 
234,  எனக்கு ஞாபகம் உள்ளது இவ்வளவு தான் 
235,  ஐக்கிய இராச்சியத்தின் முன்னாள் பிரதமர் ஆவார் 
236,  சிவாஜி கணேசன் நரசிம்ம பாரதி கிரிஜா 
237,  நீரில் வாழும் பாலூட்டி இனத்தைச் சேர்ந்த ஒரு விலங்கு ஆகும் 
238,  சண்முகம் இயக்கத்தில் வெளிவந்த இத்திரைப்படத்தில் ராஜன் மற்றும் பலரும் நடித்துள்ளனர் 
239,  மாநிலத்தில் அமைந்துள்ள நீலகிரி மாவட்டத்தில் இருக்கும் ஒரு ஊர் ஆகும் 
240,  வீர ராம தேவ ராயன் என்றும் அழைக்கப்பட்ட ராம தேவ ராயன் கி.பி 
241,  இங்கு உள்ள முக்கிய கோயில்கள் சில 
242,  உங்களின் ஈழ இலக்கிய அறிமுகம் எவ்வளவு என்று தெரியாது 
243,  நமக்கு கிடைக்கும் வானொலி மற்றும் தொலைக்காட்சி நிகழ்ச்சிகளை இந்த வானொலி அலைகள் தான் தாங்கி வருகின்றன 
244,  உலகின் மிகச் சிறிய நாடும் இதுவே 
245,  இங்கு எமக்கு இரண்டு நிலைகளில் புரிதல் தேவை 
246,  அது குறித்து தனிப்பட்ட அளவில் எனக்கு தெரியும் 
247,  கிருஷ்ணன் பஞ்சு இயக்கத்தில் வெளிவந்த இத்திரைப்படத்தில் ஜெமினி கணேசன் சௌகார் ஞானகி மற்றும் பலரும் நடித்துள்ளனர் 
248,  மேலும் உங்களைப் பற்றிய தகவல்களை உங்கள் பயனர் பக்கத்தில் தந்தால் உங்களைப் பற்றி அறிய வசதியாக இருக்கும். டெரன்ஸ் 
249,  இதுவே ஐரோப்பாவின் இரண்டாவது பொது நூலகம் ஆகும் 
250,  அது தனக்கு பிடித்த எழுத்துக்களை பகிர்ந்து கொள்ளும் ஒரு வசதி 
251,  ஒவ்வொரு சொல்லும் ஒரு பொருள் பற்றி ஏற்பட்டது 
252,  சண்முகம் இயக்கத்தில் வெளிவந்த இத்திரைப்படத்தில் கமல்ஹாசன் ஜெயசித்ரா மற்றும் பலரும் நடித்துள்ளனர் 
253,  கிளிநொச்சி மாவட்டத்தில் அமைந்துள்ள ஓர் உதவி அரசாங்க அதிபர் பிரிவாகும் 
254,  ஆண் பெண் உளவியல் ரீதியான வேறுபாடுகள் 
255,  கீழ்க்கண்ட இலக்கணம் ஆங்கில இலக்கணத்தை சார்ந்து உள்ளது 
256,  இருப்பினும் உயிரினங்கள் மொழிகள் நோய்கள் இனங்கள் ஊடகங்கள் தமிழ் இணைய இதழ்கள் தமிழ் போன்றவற்றை பற்றியும் எழுதினால் நன்றாக இருக்கும் 
257,  இவர்கள் தமது மாநிலத்தின் முதன்மை மொழிகளில் சிறப்பான அறிவு பெற்றவர்கள் அல்ல 
258,  நாள் என்பதும் நட்சத்திரம் என்பதும் ஒன்றே 
259,  இது போல மேலும் பல கட்டுரைகள் உள்ளன 
260,  சிவகுமார் செய்யலாம் என்பது என் கருத்து 
261,  தனிமம் பற்றி பிற கட்டுரைகளில் தேடிப்பாருங்கள் 
262,  இங்கு மறுமொழி செய்த அனைவருக்கும் நன்றி 
263,  நீங்கள் இதை உறுதி செய்து கொண்டு தேவையான மாற்றங்களை செய்யலாம் 
264,  பாலு இயக்கத்தில் வெளிவந்த இத்திரைப்படத்தில் சிவாஜி கணேசன் சௌகார் ஞானகி மற்றும் பலரும் நடித்துள்ளனர் 
265,  இது நீர்ம நிலையில் உள்ள ஓர் உலோகம் ஆகும் 
266,  கிருஷ்ணன் இயக்கத்தில் வெளிவந்த இத்திரைப்படத்தில் ஜெய்சங்கர் லக்ஸ்மி மற்றும் பலரும் நடித்துள்ளனர் 
267,  ஐயர் இந்திய விடுதலைப் போராட்ட வீரர் 
268,  சக்தி இயக்கத்தில் வெளிவந்த இத்திரைப்படத்தில் கமல்ஹாசன் காஞ்சனா மற்றும் பலரும் நடித்துள்ளனர் 
269,  செல்வா உங்களின் கருத்துக்களை ஏற்றுக் கொள்கின்றேன் 
270,  திறந்த மூலம் என்ற தலைப்பு பொருத்தமாக இருக்கலாம் 
271,  தனிமங்களின் எண் பட்டியல் என்பது விக்கித் திட்டம் தனிமங்களின் ஒரு பகுதியாகும் 
272,  தமிழக ஊர்கள் குறித்த கட்டுரையைத் தொடங்குங்கள் 
273,  ஆனால் விக்கிபீடியா அதற்கு உகந்த இடம் அல்ல 
274,  இந்தத் தாக்குதல்கள் ஈழ விடுதலைப் போராட்டத்தில் முதல் தாக்குதல்கள் என்று சொல்லலாம் 
275,  அவற்றின் உடலில் இருந்து பல கிழக்கு ஆசிய நாடுகளில் மருந்துகள் செய்யப்படுகின்றன 
276,  இது எழுத்தாளர் ஒருவர் பற்றிய கட்டுரை 
277,  இக்கட்டுரையின் தலைப்பை தனித்தமிழ் இயக்கம் என்னும் பெயருக்கு மாற்றி மேலும் விருத்தி செய்யலாம் 
278,  ராஜேந்திரன் இயக்கத்தில் வெளிவந்த இத்திரைப்படத்தில் சிவாஜி கணேசன் சௌகார் ஞானகி மற்றும் பலரும் நடித்துள்ளனர் 
279,  பாறை ஓவியங்கள் குறித்த கட்டுரையைத் தொடங்குங்கள் 
280,  முடியும் அதை நாளை அதை செய்கிறேன். டெரன்ஸ் 
281,  திருக்குறள் வரிகள் ஏற்கனவே தமிழ் விக்கி நூல்கள் தளத்தில் இருக்கிறது 
282,  இது பாரசீக மொழி யின் ஒரு வேறுபாடு ஆகும் 
283,  கோபாலகிருஷ்ணன் இயக்கத்தில் வெளிவந்த இத்திரைப்படத்தில் ஜெமினி கணேசன் ஜெயலலிதா மற்றும் பலரும் நடித்துள்ளனர் 
284,  பாலு இயக்கத்தில் வெளிவந்த இத்திரைப்படத்தில் கமல்ஹாசன் சுஜாதா மற்றும் பலரும் நடித்துள்ளனர் 
285,  ஆங்கிலத்தில் ஐரோப்பிய மையப் பார்வை இருக்கிறது 
286,  இதற்கு பொதுவான ஒரு விதி உருவாக்க முடியாது என தான் நினைக்கிறேன் 
287,  தமிழக ஊர்கள் பற்றி பிற கட்டுரைகளில் தேடிப்பாருங்கள் 
288,  அவை எல்லாம் திறந்த மூலம் அல்ல 
289,  தமிழ் நாட்டைச் சேர்ந்த ஈரோடு மாவட்டத்திலுள்ள ஒரு சிறு நகரமாகும் 
290,  எடுத்துக் காட்டு அல்லது காட்டு என்னும் சொற்கள் தமிழ்நாட்டில் பரவலாக பயன்பாட்டில் உள்ளன 
291,  உண்மையில் இதுவரை உள்ளது அறிமுகப் பகுதி மட்டுமே 
292,  எனவே தலைப்பு மாற்றம் பொருத்தமாக படவில்லை 
293,  தெலுங்கு மொழி இந்தியாவில் உள்ள ஆந்திரப் பிரதேச மாநிலத்தில் அதிக அளவில் பேசும் மொழி 
294,  தனித்தமிழ் இயக்கம் தொடர்பான விரிவான கட்டுரையை எழுதுங்கள் 
295,  கோபாலகிருஷ்ணன் சௌகார் ஞானகி மற்றும் பலரும் நடித்துள்ளனர் 
296,  ஸ்ரீதர் இயக்கத்தில் வெளிவந்த இத்திரைப்படத்தில் கமல்ஹாசன் ரஜினிகாந்த் மற்றும் பலரும் நடித்துள்ளனர் 
297,  எனக்குத் தெரிந்த அளவில் இரும்பு தான் சரியானது 
298,  இவை தவிர தனிமங்களின் எண் பட்டியல் வேறு உள்ளது 
299,  இன்னும் சில நாட்களில் இதனை விரிவு படுத்தி விடுகிறேன். சிவகுமார் 
300,  பாறை ஓவியங்கள் பற்றி பிற கட்டுரைகளில் தேடிப்பாருங்கள் 
301,  ஐக்கிய அமெரிக்க நாடுகளின் தென் மாநிலங்களில் 
302,  விக்கிபீடியா கட்டுரை நடையை அறிய இங்கு ஏற்கனவே உள்ள கட்டுரைகளை தயவு செய்து பாருங்கள் 
303,  அப்பர் சுந்தரர் சம்பந்தர் மூவரதும் பாடல் பெற்ற சிவாலயமாகும் 
304,  இதை க ஒத்து என அழைப்பர் 
305,  தகவல் தொடர்பு ஊடகங்கள் குறித்த கட்டுரையைத் தொடங்குங்கள் 
306,  மேலும் நாவல் தமிழ்ச் சொல் அல்ல 
307,  இவருடைய தந்தையின் நண்பர் ஒருவர் மூலமாக இவருக்கு இத்துறையில் ஈடுபாடு ஏற்பட்டது 
308,  ஆனால் கலைக்களஞ்சிய கட்டுரைக்கு அது அவசியம் 
309,  இந்நூலில் சில விளக்கங்கள் அரபு மொழியில் காணப்படுகின்றன 
310,  பாலச்சந்தர் இயக்கத்தில் வெளிவந்த இத்திரைப்படத்தில் சிவாஜி கணேசன் கே. ஆர். விஜயா மற்றும் பலரும் நடித்துள்ளனர் 
311,  இதை ஒரு அறிமுக கட்டுரையாக எழுதவில்லை 
312,  சுந்தரம் ஆகியோரின் இயக்கத்தில் வெளிவந்த இத்திரைப்படத்தில் கண்ணன் துரைராஜ் மற்றும் பலரும் நடித்துள்ளனர் 
313,  மிக விரிவாக தனிமங்களின் எண் பட்டியல் இருக்கிறது 
314,  துளு மொழியை எழுத பயன்படுத்தப்பட்டு வந்த எழுத்துமுறை ஆகும் 
315,  இந்த சூத்திரம் திபெத்திய பௌத்தத்தில் ஏற்றுக்கொள்ளப்பட்ட சூத்திரம் ஆகும் 
316,  முஸ்லிம்கள் இறைவனை அல்லாஹ் என்று அழைக்கின்றனர் 
317,  பாலச்சந்தர் இயக்கத்தில் வெளிவந்த இத்திரைப்படத்தில் ஜெய்கணேஷ் சுஜாதா மற்றும் பலரும் நடித்துள்ளனர் 
318,  கிளிநொச்சி மாவட்டத்தில் உள்ள ஓர் நகரம் ஆகும் 
319,  முதலாம் நூற்றாண்டில் தென்னிந்தியாவில் தோன்றியது என்று அறிஞர்கள் கருதுகின்றனர் 
320,  ஐக்கிய அமெரிக்க நாடுகள் மேற்கு கரை 
321,  இவர் கொங்கு நாட்டின் முதல் விடுதலைப் போராட்ட வீரர் 
322,  நான் எவ்வாறு ஒரு வார்ப்புருவை உருவாக்குவது என்பதை அறியேன் 
323,  தகவல் தொடர்பு ஊடகங்கள் பற்றி பிற கட்டுரைகளில் தேடிப்பாருங்கள் 
324,  இலங்கை என்பது யாழ்ப்பாணம் மட்டும் அல்ல 
325,  உதயதாரகை ஈழத்தின் முதலாவது தமிழ்ப் பத்திரிகை ஆகும் 
326,  நன்றி திரு செல்வா மற்றும் ரவி அவர்களே 
327,  இப்பகுப்பில் பல கட்டுரைகள் வர இருக்கின்றன 
328,  ராமசாமி பிள்ளை சுப்பிரமணிய பாகவதர் ராஜாஜி 
329,  இந்தியா இலங்கை போன்ற நாடுகளில் காணப்படுகிறது 
330,  தானே விளங்கும் பொருள் என நம்புகிறேன் 
331,  இந்த சூத்திரத்தில் கௌதம புத்தர் இவ்வாறு கூறுகிறார் இது தான் மிகவும் பயனுள்ள மந்திரம் 
332,  கிருஷ்ணன் பஞ்சு இயக்கத்தில் வெளிவந்த இத்திரைப்படத்தில் முத்துராமன் கே. ஆர். விஜயா மற்றும் பலரும் நடித்துள்ளனர் 
333,  தெலுங்கு தேசம் கட்சி இந்திய நாட்டிலுள்ள ஒரு அரசியல் கட்சி ஆகும் 
334,  ரவி நீக்க வேண்டும் என்று கருதினால் நீக்கலாம் 
335,  முடிந்தால் தெலுங்கு எழுத்துக்கள் கட்டுரையில் இருந்து இங்கு சேர்ந்து விடுங்கள் 
336,  இவர் தமிழ் தெலுங்கு மலையாளம் கன்னடம் மற்றும் ஹிந்தி ஆகிய மொழிகளில் நடித்துள்ளார் 
337,  ஓர் மாதிரி மொழிபெயர்ப்பு கீழே தரப்பட்டுள்ளது 
338,  இதில் ஐக்கிய அமெரிக்கா முதன்மை பெறுகின்றது 
339,  இந்த விடயத்தில் பெரிய எதிர்ப்பு என்று ஏதும் இருக்காது 
340,  பெருமாள் இயக்கத்தில் வெளிவந்த இத்திரைப்படத்தில் எஸ் 
341,  சுந்தரம் இயக்கத்தில் வெளிவந்த இத்திரைப்படத்தில் சிவாஜி கணேசன் நரசிம்ம பாரதி மற்றும் பலரும் நடித்துள்ளனர் 
342,  தெற்கு ஆசியா பின்வரும் நாடுகளை உள்ளடக்கியுள்ளது 
343,  இக்கட்டுரை அதன் நேரடி மொழிபெயர்ப்பு அல்ல 
344,  மூலக்கூறு அமைப்பை ஆராயும் பணியில் ஈடுபட்டார் 
345,  ஏற்கனவே ஒரு சில கட்டுரைகளும் இருக்கின்றன 
346,  ஆனால் அவரால் அப்படி இருக்க முடியவில்லை 
347,  நீங்கள் எழுதிய பண்டைய தமிழகத்தில் காதல் திருவிழா என்னும் கட்டுரைக்கு நன்றி 
348,  காலப்போக்கில் இந்த எழுத்து மறைந்து விட்டது 
349,  கோபாலகிருஷ்ணன் இயக்கத்தில் வெளிவந்த இத்திரைப்படத்தில் விஜயகுமார் சுஜாதா மற்றும் பலரும் நடித்துள்ளனர் 
350,  பௌத்த குறுங்கட்டுரை பௌத்தம் தொடர்பான குறுங்கட்டுரைகள் 
351,  அப்பர் சம்பந்தர் சுந்தரர் மூவரதும் பாடல் பெற்ற இத்தலம் தஞ்சை மாவட்டத்தில் அமைந்துள்ளது 
352,  முத்துராமன் இயக்கத்தில் வெளிவந்த இத்திரைப்படத்தில் சிவாஜி கணேசன் ஸ்ரீபிரியா மற்றும் பலரும் நடித்துள்ளனர் 
353,  இவற்றை வார்ப்புரு ஒன்றை உருவாக்கி தகுந்த இடங்களில் இட வேண்டியது 
354,  தென் மாநிலங்களில் மிகப்பெரிய மாநிலமான ஆந்திரப் பிரதேசம் இந்தியாவின் ஐந்தாவது பெரிய மாநிலமாகும் 
355,  முத்துராமன் இயக்கத்தில் வெளிவந்த இத்திரைப்படத்தில் கமல்ஹாசன் சுமித்ரா மற்றும் பலரும் நடித்துள்ளனர் 
356,  ஓர் எடுத்துக் காட்டு கூறுவது பயன் தரும் 
357,  தயவு செய்து அதை ஏற்று மறுமொழி தாருங்கள் 
358,  விக்கிபீடியா எவருக்கும் தனிப்பட்ட சொத்து அல்ல 
359,  இவர் விமர்சனம் நாடகம் ஆகிய துறைகளிலும் ஈடுபாடு காட்டினார் 
360,  நான் குறிப்பிட்டது பொதுவான கருத்து மட்டுமே 
361,  அதற்கு உங்கள் வார்ப்புருக்கள் பயனுள்ளதாக உள்ளன 
362,  ஆனால் மிகவும் பொதுவான படிமங்களை இங்கும் வைத்திருக்க வேண்டியதில்லை 
363,  பாபு இயக்கத்தில் வெளிவந்த இத்திரைப்படத்தில் மாதுரி தேவி மற்றும் பலரும் நடித்துள்ளனர் 
364,  வினோத் இந்த கட்டுரை அழகாக வளர்ந்து வருகின்றது 
365,  இக் கட்டுரை நல்ல வளர்ச்சி பெறும் என நம்புகிறேன் 
366,  ஸ்ரீதர் இயக்கத்தில் வெளிவந்த இத்திரைப்படத்தில் ஜெயலலிதா ஸ்ரீகாந்த் மற்றும் பலரும் நடித்துள்ளனர் 
367,  கிருஷ்ணன் பஞ்சு இயக்கத்தில் வெளிவந்த இத்திரைப்படத்தில் கமல்ஹாசன் மாதுரி மற்றும் பலரும் நடித்துள்ளனர் 
368,  எனக்கு விஞ்ஞானம் தமிழ் சொல் இல்லை எனபது தெரியாது 
369,  இப்போது மீண்டும் அந்த ஆர்வம் ஏற்பட்டு இருக்கின்றது 
370,  விஜயன் இயக்கத்தில் வெளிவந்த இத்திரைப்படத்தில் சிவாஜி கணேசன் சௌகார் ஞானகி மற்றும் பலரும் நடித்துள்ளனர் 
371,  அது ஓரளவுக்கு வளர்ந்த கட்டுரை தான் 
372,  ஐ என்பது அழகு உயர்வு என்பதை நன்கு அறிவேன் 
373,  சம்பந்தர் அப்பர் சுந்தரர் மூவரதும் பாடல் பெற்ற இத்தலம் மதுரை மாவட்டத்தில் அமைந்துள்ளது 
374,  திபெத்திய மொழி முதன்மையாக திபெத்திய மக்களால் பேசப்படும் ஒரு மொழி ஆகும் 
375,  உங்களைப் போன்று மேலும் பயனர்கள் வேண்டும் 
376,  இந்தியாவில் பெரும்பாலும் தெலுங்கு பேசும் பகுதி என்று மாற்றியுள்ளேன் 
377,  எனவே சரியாக எழுதப்படும் தமிழ் அல்ல 
378,  இருப்பினும் எனக்கு உயிரியல் தலைப்புகள் மீது ஒரு தனி ஈடுபாடு உண்டு 
379,  இந்திய தொழிலாளர்கள் சம்பந்தப்பட்ட தொழிலாளர் அமைப்புகள் பின்னரே தோன்றின 
380,  இது முற்றிலும் ஒரு சார்பு நிலை கட்டுரை 
381,  மயூரநாதன் உங்கள் விரிவான கருத்துக்களுக்கு நன்றி 
382,  ராமன் இயக்கத்தில் வெளிவந்த இத்திரைப்படத்தில் ராமுடு மற்றும் பலரும் நடித்துள்ளனர் 
383,  வேறு நல்ல சொற்கள் இருந்தால் தெரிவிக்கவும் 
384,  விஞ்ஞானம் வடமொழி என்று சிலர் கூறலாம் ஆனால் அறிவியல் சரியான பொருள் தருவதாக இல்லை 
385,  சங்கர் இயக்கத்தில் வெளிவந்த இத்திரைப்படத்தில் கமல்ஹாசன் ஸ்ரீபிரியா மற்றும் பலரும் நடித்துள்ளனர் 
386,  பாலச்சந்தர் இயக்கத்தில் வெளிவந்த இத்திரைப்படத்தில் ஜெமினி கணேசன் சௌகார் ஞானகி மற்றும் பலரும் நடித்துள்ளனர் 
387,  வட அயர்லாந்து இது ஐக்கிய இராச்சியத்தின் ஒரு பிரிவு 
388,  கர்நாடக மாநிலத்தில் உள்ள ஓர் அருவி ஆகும் 
389,  கிருஷ்ணன் இயக்கத்தில் வெளிவந்த இத்திரைப்படத்தில் பிரேம்நசீர் மற்றும் பலரும் நடித்துள்ளனர் 
390,  ஏதேனும் சந்தேகம் என்றால் உங்கள் பேச்சுப் பக்கத்தில் தெரிவியுங்கள் 
391,  இதனை விளங்க உதாரணம் ஒன்றைப் பார்ப்போம் 
392,  ஆனால் குறிப்பிட்ட படம் என்பது ஒரு படம் அல்ல 
393,  சஞ்சிகை என்பது ஈழத்தில் மிகவும் பரவலாகப் புழக்கத்தில் உள்ள சொல் 
394,  ஒவ்வொரு கட்டுரையும் பல முறை திருத்த வேண்டியுள்ளது இது இயல்பான ஒன்றே 
395,  இந்த இணையத்தளம் தமிழிலும் ஆங்கிலத்திலும் உள்ளன 
396,  தகுந்த தலைப்புக்கு நீங்கள் அவற்றை மாற்றலாம் 
397,  தென் இந்தியா குறித்த கட்டுரையைத் தொடங்குங்கள் 
398,  இப்படி எத்தனை கட்டுரைகள் உள்ளன என்று அறிய வேண்டும் 
399,  ஏனெனில் தமிழ் விக்கிபீடியாவில் குறுங்கட்டுரைகள் பெருமளவில் உள்ளன 
400,  இவரது ஆராய்ச்சி நிலையம் அமெரிக்காவில் இருக்கிறது 
401,  கோபாலகிருஷ்ணன் இயக்கத்தில் வெளிவந்த இத்திரைப்படத்தில் ராஜன் மற்றும் பலரும் நடித்துள்ளனர் 
402,  ஹொங்கொங் மூன்று பிரதான பிரிவுகளாக பிரிக்கப்பட்டுள்ளது 
403,  அங்கு தமிழ் துறை தலைவராக இருந்து ஓய்வு பெற்றார் 
404,  ஐயா எனக்கு தமிழ் தட்டச்சு தெரியாது 
405,  அறிஞர்கள் பற்றி பிற கட்டுரைகளில் தேடிப்பாருங்கள் 
406,  நாதன் இயக்கத்தில் வெளிவந்த இத்திரைப்படத்தில் எஸ் 
407,  சாமி இயக்கத்தில் வெளிவந்த இத்திரைப்படத்தில் ஜெமினி கணேசன் பத்மினி மற்றும் பலரும் நடித்துள்ளனர் 
408,  இது பெரும்பான்மை இனம் பெரும்பான்மையாக கொண்ட ஒரு வகை ஆகும் 
409,  தென் இந்தியா பற்றி பிற கட்டுரைகளில் தேடிப்பாருங்கள் 
410,  ஆனால் நிறை இலங்கையில் திணிவு என்பது உண்மையில் எடை அல்ல 
411,  ஈரோடு மாவட்டம் கட்டுரையில் உங்கள் மாற்றங்கள் மிக நன்று 
412,  இங்கு கூறிய பல கருத்துக்கள் எனக்கும் உடன்பாடே 
413,  ஆனால் அது அவரது பெயர் இல்லை 
414,  தென் கொரியா குறித்த கட்டுரையைத் தொடங்குங்கள் 
415,  ஆபிரிக்க என்பதை ஆப்பிரிக்க என்று மாற்ற வேண்டும் 
416,  இந்தியப் பெருங்கடல் இதன் கிழக்கே உள்ளது 
417,  அதில் ஒன்று ஹொங்கொங் தீவு பகுதியாகும் 
418,  ஐரோப்பாவில் உள்ள மிகச் சிறிய நாடு இதுவாகும் 
419,  முத்து இயக்கத்தில் வெளிவந்த இத்திரைப்படத்தில் ஜெய்கணேஷ் சுமித்ரா மற்றும் பலரும் நடித்துள்ளனர் 
420,  வாஸ்து சாஸ்திரம் குறித்த கட்டுரையைத் தொடங்குங்கள் 
421,  ஏனெனில் அது தான் முக்கியமான செய்தி 
422,  தென்னிந்தியாவின் கேரள மாநிலத்தில் உள்ள ஓர் ஆறு 
423,  இன்னொரு அறிஞர் இதை வேறு மாதிரி சொல்லலாம் 
424,  அப்பர் சம்பந்தர் சுந்தரர் மூவரதும் பாடல் பெற்ற தலமாகும் 
425,  இவற்றுள் சில குறைந்து வரும் ஆனால் காலத்தை தெளிவாகக் காட்டும் 
426,  தென் கொரியா பற்றி பிற கட்டுரைகளில் தேடிப்பாருங்கள் 
427,  தமிழீழம் எனப்படுவது ஒரு நாடு அல்ல 
428,  இது வார்ப்புருநாட்டுத் தகவல் ஈரான் இற்கான தகவல்களை மையப்படுத்தும் வார்ர்புரு மட்டுமே நேரடியாக கட்டுரைகளில் பயன்படுத்துவதை தவிர்க்கவும் 
429,  இந்த துறையில் வெளிவந்த ஒரு அருமையான ஆராய்ச்சி நூலின் விபரங்கள் கீழே 
430,  ஆனால் பல பக்கங்களில் பிழைகள் மிகுந்த காணப்படுகின்றன 
431,  இந்த ஆய்வு வெறும் சொற்கள் பற்றிய ஆய்வு இல்லை 
432,  தெரியாத முக்கியத்துவம் கட்டுரைகள் குறித்த கட்டுரையைத் தொடங்குங்கள் 
433,  கிருஷ்ணன் பஞ்சு இயக்கத்தில் வெளிவந்த இத்திரைப்படத்தில் சிவகுமார் சுஜாதா மற்றும் பலரும் நடித்துள்ளனர் 
434,  இந்த நூல்களின் பட்டியல் ஏற்கெனவே தமிழ் விக்கியில் உள்ளது இங்கே பார்க்கவும் 
435,  விக்கிபீடியா பயனர்கள் கோபி செல்வா மற்றும் சிந்து உடைய ஆக்கத்தை அடிப்படையாகக் கொண்டது 
436,  வாஸ்து சாஸ்திரம் பற்றி பிற கட்டுரைகளில் தேடிப்பாருங்கள் 
437,  முத்துராமன் இயக்கத்தில் வெளிவந்த இத்திரைப்படத்தில் கமல்ஹாசன் சுஜாதா மற்றும் பலரும் நடித்துள்ளனர் 
438,  வள்ளலார் தனியாக ஓரிடத்தில் அமர்ந்து சற்று நேரம் தியானம் செய்தார் 
439,  அங்கு சுமார் ஐந்து வருடங்கள் கடும் தியானம் புரிந்தார் 
440,  இந்தியாவின் வட கிழக்கு மாநிலங்களில் ஒன்றாகும் 
441,  இளம் வயதிலேயே கவிதைகள் எழுதத் தொடங்கினார் 
442,  இது வார்ப்புருநாட்டுத் தகவல் ஈராக் இற்கான தகவல்களை மையப்படுத்தும் வார்ர்புரு மட்டுமே நேரடியாக கட்டுரைகளில் பயன்படுத்துவதை தவிர்க்கவும் 
443,  பாலச்சந்தர் இயக்கத்தில் வெளிவந்த இத்திரைப்படத்தில் கமல்ஹாசன் ரஜினிகாந்த் போன்ற பலர் நடித்துள்ளனர் 
444,  தமிழ் விக்சனரியில் முன்பு போல தற்பொழுது பங்களிப்புகள் அதிகரித்து வருகின்றன 
445,  இதில் என்னால் ஒரு முடிவுக்கு வர இயலவில்லை 
446,  நீங்கள் புதிய கட்டுரைகளை உருவாக்குவது கண்டு மகிழ்ச்சி 
447,  இங்கு நான் இன்னுமொரு கருத்தையும் பகிர விரும்புகிறேன் 
448,  தெரியாத முக்கியத்துவம் கட்டுரைகள் பற்றி பிற கட்டுரைகளில் தேடிப்பாருங்கள் 
449,  மொழியை பொறுத்தவரை பொது பயன்பாட்டில் என்ன சொற்கள் இருக்கிறது என்பதையும் நாம் கவனத்தில் கொள்ள வேண்டும் 
450,  இறுதியாக தமிழ் விக்கிபீடியா ஒரு கூட்டு ஆக்க உருவாக்கம் என்பது முற்றிலும் சரியே 
451,  இது இந்தோஐரோப்பிய மொழிக் குடும்பத்தைச் சேர்ந்தது 
452,  சங்கர் இயக்கத்தில் வெளிவந்த இத்திரைப்படத்தில் ஜெய்கணேஷ் முத்துராமன் மற்றும் பலரும் நடித்துள்ளனர் 
453,  டெரன்ஸ் இது இப்பொழுது அழகாக உள்ளது 
454,  தமிழ் ஏற்கனவே ஒரு நல்ல மாதிரி சிறப்புக் கட்டுரை 
455,  கனகு நாட்டார் பாடல் கட்டுரை ஓரளவு நல்ல நிலையில் உள்ளது 
456,  கோவை இந்தியா ஒரு தமிழ்க் கவிஞர் 
457,  ஈழத்தின் கவிதை மற்றும் பத்தி எழுத்தாளர் 
458,  தமிழாக்கம் செய்யப்பட வேண்டிய பக்கங்கள் நிறைய இருக்கின்றன 
459,  தயவு செய்து திருத்தி எழுதவும் ரவி 
460,  இதை சரி செய்து தர வேண்டுகிறேன் 
461,  சரியான தமிழ் பதம் பொறியியல் ஆகும் 
462,  ஸ்ரீதர் இயக்கத்தில் வெளிவந்த இத்திரைப்படத்தில் சிவாஜி கணேசன் விஜயா மற்றும் பலரும் நடித்துள்ளனர் 
463,  கோபாலகிருஷ்ணன் இயக்கத்தில் வெளிவந்த இத்திரைப்படத்தில் சிவாஜி கணேசன் கே. ஆர். விஜயா மற்றும் பலரும் நடித்துள்ளனர் 
464,  மாற்றுக் கருத்துக்களை அவரது பேச்சுப் பக்கத்தில் தெரிவியுங்கள் 
465,  இதற்கு பெரிய சடங்கு எல்லாம் உள்ளது 
466,  தங்களுடைய எழுத்துக்களை நான் ஓரளவிற்கு அறிவேன் 
467,  ஐக்கிய அமெரிக்காவின் மேற்குப் பகுதியில் அமைந்துள்ளது 
468,  செல்வா கலைக்களஞ்சியத்தில் அனைத்து கட்டுரைகளும் விரிவாக இருக்க அவசியமில்லை தான் 
469,  அத்தோடு சில ஆக்கங்கள் ஏற்கனவே உங்களிடம் இருக்கலாம் 
470,  சம்பந்தர் அப்பர் சுந்தரர் மூவரதும் பாடல் பெற்ற இத்தலம் புதுக்கோட்டை மாவட்டத்தில் அமைந்துள்ளது 
471,  இது ஒரு பழைய கோயில் ஆகும் 
472,  சம்பந்தர் அப்பர் சுந்தரர் மூவரதும் பாடல் பெற்ற இத்தலம் ஈரோடு மாவட்டத்தில் அமைந்துள்ளது 
473,  தமிழ் விக்கிபீடியாவின் பல கட்டுரைகளில் எண்ணற்ற எழுத்துப் பிழைகள் உள்ளன 
474,  எனக்கு இலக்கணம் அவ்வளவு தெளிவு இல்லை 
475,  நீங்கள் தொடர்ந்து கட்டுரைகளை எழுதுவது கண்டு மகிழ்ச்சி 
476,  தாய் என்ற சொல்லின் பொருள் சுதந்திர மனிதர் என்பதாகும் 
477,  சந்திரன் இயக்கத்தில் வெளிவந்த இத்திரைப்படத்தில் கணேசன் மற்றும் பலரும் நடித்துள்ளனர் 
478,  விண்டோஸ் கூறுகள் குறித்த கட்டுரையைத் தொடங்குங்கள் 
479,  எனவே இடங்களில் என்பதும் இடங்களுக்கு என்பதும் சரியான வழக்கு 
480,  ஆனால் விக்கிபீடியா சற்று வேறுபட்ட கலைக்களஞ்சியம் 
481,  நீங்கள் ஒரு பயனர் கணக்கை உருவாக்குவது நல்லது 
482,  இதைப்பற்றி நான் விக்கியிலும் ஓரிடத்தில் எழுதிய நினைவு 
483,  கிருஷ்ணன் இயக்கத்தில் வெளிவந்த இத்திரைப்படத்தில் என் 
484,  ஐரோப்பாவில் இது கோடை நேரம் என்றே அழைக்கப்படுகிறது 
485,  தமிழில் சில நேரங்களில் புணர்ச்சி விதிகள் குழப்பம் ஏற்படுத்தும் 
486,  சாமி இயக்கத்தில் வெளிவந்த இத்திரைப்படத்தில் சிவாஜி கணேசன் என் 
487,  இதனால் இதற்கு அதிகம் எதிர்ப்பு தோன்றியது 
488,  இப்பகுப்பில் உள்ள பிரதான கட்டுரை ஈழத்து இலக்கியம் 
489,  வைகுண்ட ராஜா உங்கள் கேள்வி சரியே 
490,  இது குறித்தும் செல்வாவின் பரிந்துரை குறித்தும் கருத்துக்கள் உள்ளன 
491,  தமிழ் மொழி வேர் சொற்கள் நிறைய கொண்ட மொழி 
492,  அதன் இணைப்பு தற்போது இணையத்தில் இல்லை 
493,  நிச்சயம் இதைக் கட்டுரையில் குறிப்பிட வேண்டும் 
494,  க என்பதை கட்டுரை என்று எழுதலாம் 
495,  நற்கீரன் தொடர்ச்சியாக இந்த விடயம் தொடர்பான கட்டுரைகளை எழுதி வருகிறார் 
496,  விஜயன் இந்திய மலையாள எழுத்தாளர் ஓவியர் 
497,  மிக நல்ல சொற்கள் அதில் உண்டு 
498,  சூரியன் வழிபட்ட தலம் என்பது தொன்நம்பிக்கை ஐதிகம் 
499,  கிருஷ்ணன் இயக்கத்தில் வெளிவந்த இத்திரைப்படத்தில் சிவாஜி கணேசன் என். எஸ். கிருஷ்ணன் மற்றும் பலரும் நடித்துள்ளனர் 
500,  டெரன்ஸ் ஏற்கனவே இதை பயன்படுத்தி வருகிறார் 
501,  திட்டங்கள் பற்றி பிற கட்டுரைகளில் தேடிப்பாருங்கள் 
502,  முடிந்தால் அவருக்கு மின்னஞ்சல் செய்து பாருங்கள் 
503,  விண்டோஸ் கூறுகள் பற்றி பிற கட்டுரைகளில் தேடிப்பாருங்கள் 
504,  அமெரிக்காவில் அடிமைகள் விடுதலை பெற புகழ்பெற்ற விடுதலை எழுச்சி அறிவிப்பு ஒன்றை வெளியிட்டார் 
505,  தமிழகத்தில் முனைவர் என்பது ஈழத்தில் கலாநிதி என்று அழைக்கப்படும் 
506,  மாதவன் இயக்கத்தில் வெளிவந்த இத்திரைப்படத்தில் ரவிச்சந்திரன் கே. ஆர். விஜயா மற்றும் பலரும் நடித்துள்ளனர் 
507,  முற்றிலும் வித்தியாசமான முயற்சிகள் அங்கு நடை பெறுகின்றன 
508,  அண்மைய மாற்றங்கள் என்ற ஒன்று இருப்பதால் வந்த வினை 
509,  ஆனாலும் திராவிடக் கட்டிடக்கலை என்பதே இன்னும் புழக்கத்தில் உள்ளது 
510,  இவற்றுள் நான் எழுதிய பல கட்டுரைகளும் அடக்கம் 
511,  கோபாலகிருஷ்ணன் இயக்கத்தில் வெளிவந்த இத்திரைப்படத்தில் முத்துராமன் ஸ்ரீபிரியா மற்றும் பலரும் நடித்துள்ளனர் 
512,  இதனை தொகுக்க முன்னர் பேச்சு பக்கத்தை பார்க்கவும் 
513,  நன்றி ரவி உங்கள் கருத்தை ஏற்றுக் கொள்கிறேன் 
514,  அது வேறு ஓர் அருமையான நூல் 
515,  அவருடன் ஐந்து ஆண்டுகள் வரை பணியாற்றிய இவர் 
516,  மேலும் கலைக்களஞ்சியத்தில் பேச்சு வழக்கு பயன்படுத்த கூடாது 
517,  மோகன் பிக்சர்ஸ் நிறுவனத்தினரின் தயாரிப்பில் வெளிவந்த இத்திரைப்படத்தில் ஜி. ஸ்ரீநிவாச ராவ் மற்றும் பலரும் நடித்துள்ளனர் 
518,  வளையம் என்பது கணிதத்தில் ஒரு கணித அமைப்பு 
519,  ஈழத்து வரலாற்றுப் பதிவுகள் இடம்பெற்ற நூல்களின் பட்டியல் 
520,  அந்த அமைப்பின் ஆரம்ப தலைவரும் இவரே 
521,  பல தகவல் சார் நூல்கள் இருக்கின்றன 
522,  ஆனால் நீங்கள் குறிப்பிட்ட ஒன்று உண்மை 
523,  இல்லாவிட்டால் அதையும் தமிழ் என எண்ணி குழப்பம் வரும் 
524,  கட்டுரை ஆக்கம் நுட்ப கட்டமைப்பு சமூகம் கொள்கைகள் போன்றே வகைப்படுத்தல் தமிழ் விக்கிபீடியாவின் ஒரு முக்கிய அம்சம் 
525,  கோபாலகிருஷ்ணன் இயக்கத்தில் வெளிவந்த இத்திரைப்படத்தில் என். எஸ். கிருஷ்ணன் மற்றும் பலரும் நடித்துள்ளனர் 
526,  என்னை தடை ஏதும் செய்யத் தேவையில்லை 
527,  இது ஓர் இரவு பற்றிய கட்டுரையின் விருத்தி தொடர்பான கலந்துரையாடலுக்கான பேச்சுப் பக்கமாகும் 
528,  ஐக்கிய இராச்சியம் மீது போரை அறிவித்தது 
529,  இப்பகுப்பில் பொருளியல் அறிஞர்கள் பற்றிய கட்டுரைகள் அடங்கும் 
530,  தற்போது பிரான்ஸ் நாட்டில் வாழ்ந்து வருகிறார் 
531,  நாதன் இயக்கத்தில் வெளிவந்த இத்திரைப்படத்தில் ஜெய்சங்கர் லட்சுமி மற்றும் பலரும் நடித்துள்ளனர் 
532,  தவம் செய்வதற்கு உகந்த இடம் எனப்படுகிறது 
533,  பரவலாக அறியப்பட்ட சில திண்ம வடிவங்கள் 
534,  சண்முகம் என்ற பெயரில் எழுதும் ஈழத்து எழுத்தாளர் 
535,  பாலாஜி சிங் இயக்கத்தில் வெளிவந்த இத்திரைப்படத்தில் ராமசாமி மற்றும் பலரும் நடித்துள்ளனர் 
536,  ஆங்கில விக்கிபீடியாவில் கூட நிறைய வழிமாற்றுப் பக்கங்கள் உள்ளன 
537,  இனிய எளிய சொல்லாக அப்பொழுது எனக்குத் தோன்றியது 
538,  கட்டுரையில் காணும் கீழ்க்காணும் கருத்துக்களைத் தவிர்ப்பது நலம் 
539,  இது சம்பந்தர் அப்பர் பாடல் பெற்ற சிவாலயமாகும் 
540,  சம்பந்தர் சுந்தரர் ஆகியோரின் பாடல் பெற்ற இத்தலம் புதுக்கோட்டை மாவட்டத்தில் அமைந்துள்ளது 
541,  ஏதோ இது குறித்து கூற வேண்டும் என தோன்றியது 
542,  கிருஷ்ணன் பஞ்சு இயக்கத்தில் வெளிவந்த இத்திரைப்படத்தில் முத்து லக்ஸ்மி மற்றும் பலரும் நடித்துள்ளனர் 
543,  திராவிட மொழிகளில் முக்கியமானவை தமிழ் தெலுங்கு கன்னடம் மலையாளம் என்பனவாகும் 
544,  ஐயர் இந்திய விடுதலைப் போராட்ட வீரர் 
545,  பெண்கள் சுதந்தரமாக வாழ வேண்டும் எனப் பெரியார் விரும்பினார் 
546,  கன்னட எழுத்துக்கள் என்பது கன்னட எழுத்துக்களை எழுத பயன்படுத்தப்படும் ஓர் எழுத்து முறையாகும் 
547,  கனடாவில் இருந்து வெளிவரும் ஒரு இணைய இதழ் சஞ்சிகை ஆகும் 
548,  ராஜன் லக்ஸ்மி மற்றும் பலரும் நடித்துள்ளனர் 
549,  பல தரமான பங்களிப்புகளை உங்களிடம் எதிர்பார்க்கிறேன் 
550,  நிறுவனத்தினரின் தயாரிப்பில் வெளிவந்த இத்திரைப்படத்தில் கேசவன் கே. கேசவன் ரத்தினம் மற்றும் பலரும் நடித்துள்ளனர் 
551,  ஆனால் உலக அளவில் தகவல்களும் அறிவும் மிக வேகமாக வளர்ந்து செல்கின்றன 
552,  இலங்கையின் கீழ் கரையில் அதாவது கிழக்கு மாகாணத்தில் அமைந்துள்ளது 
553,  இது அப்பர் சம்பந்தர் பாடல் பெற்ற தலமாகும் 
554,  இப்படி சீன மொழி முதலான பிறமொழி சொற்களையும் ஓரளவிற்கு எளிதாக தமிழில் குறிக்க இயலும் 
555,  ஐக்கிய அமெரிக்கா மீதும் ஐக்கிய இராச்சியம் மீதும் போரை அறிவித்தது 
556,  கிருஷ்ணன் பஞ்சு இயக்கத்தில் வெளிவந்த இத்திரைப்படத்தில் முத்துராமன் ஸ்ரீபிரியா மற்றும் பலரும் நடித்துள்ளனர் 
557,  இலங்கையின் நூலகம் திட்டம் போல் அனைத்து நூல்களையும் தமிழ்நாட்டில் இணையத்தில் ஏற்ற முடியாது 
558,  தெற்கே அமைந்துள்ள ஒரு தீவு நாடு ஆகும் 
559,  அரசு இயக்கத்தில் வெளிவந்த இத்திரைப்படத்தில் ஜெமினி கணேசன் பத்மினி மற்றும் பலரும் நடித்துள்ளனர் 
560,  இருப்பினும் இணையத்தில் வேறு மாதிரி உள்ளது 
561,  ஈழத்தில் இன்றைய சூழலில் தமிழர் தேசம் வேறு முஸ்லிம் தேசம் வேறு 
562,  ராமன் இயக்கத்தில் வெளிவந்த இத்திரைப்படத்தில் ஜெய்சங்கர் கே. ஆர். விஜயா மற்றும் பலரும் நடித்துள்ளனர் 
563,  உருவாகும் பெரும்பான்மையான கட்டுரைகள் விரிவாக உள்ளன 
564,  விக்கிப்பீடியா தொடர்ந்து நடைபெறும் ஒரு பணி 
565,  எனக்கும் இதில் தெளிவான நிலைப்பாடு இல்லை 
566,  சம்பந்தர் பாடல் பெற்ற இத்தலம் இந்தியாவின் 
567,  கருணாநிதி கட்சியில் முதல் நிலைக்கு வந்தார் 
568,  ஜோர்ஜியா ஐக்கிய அமெரிக்க மாநிலங்களுள் ஒன்றாகும் 
569,  திரைப்பட நடிகர்கள் தொடர்பான கட்டுரைகள் இந்த பக்க வகையில் அடங்கும் 
570,  நீங்கள் உருவாக்கிய பேச்சுப் பக்கங்களில் சில கருத்துக்களை இட்டுள்ளேன் 
571,  இப்பொழுது ஓரளவு தான் சரியாகத் தெரிகிறது 
572,  எனினும் அவருக்கு மின்னஞ்சல் செய்து பார்க்கலாம் 
573,  விக்கி போன்று தகவல் தளம் ஏதும் இல்லை 
574,  பிரகாஷ் ராவ் இயக்கத்தில் வெளிவந்த இத்திரைப்படத்தில் சிவாஜி கணேசன் தங்கவேலு மற்றும் பலரும் நடித்துள்ளனர் 
575,  நாராயணன் இயக்கத்தில் வெளிவந்த இத்திரைப்படத்தில் சிவகுமார் ஸ்ரீபிரியா மற்றும் பலரும் நடித்துள்ளனர் 
576,  அப்பர் சம்பந்தர் சுந்தரர் மூவரதும் பாடல் பெற்ற சிவாலயமாகும் 
577,  ஈரான் தொடர்பான குறுங்கட்டுரைகள் குறித்த கட்டுரையைத் தொடங்குங்கள் 
578,  தமிழ் மொழியில் வெளிவந்த முதலாவது தமிழ்ப் புலவர் வரலாற்று நூல் இதுவே 
579,  எனினும் நடைமுறையில் பல சிக்கல்கள் உள்ளன 
580,  சங்கர் இயக்கத்தில் வெளிவந்த இத்திரைப்படத்தில் பிரேம்நசீர் கே. கேசவன் மற்றும் பலரும் நடித்துள்ளனர் 
581,  சம்பந்தர் சுந்தரர் ஆகியோரின் பாடல் பெற்ற இத்தலம் மதுரை மாவட்டத்தில் அமைந்துள்ளது 
582,  சம்பந்தர் பாடல் பெற்ற இத்தலம் இராமநாதபுரம் மாவட்டத்தில் அமைந்துள்ளது 
583,  திரைப்படத் தொழில்கள் குறித்த கட்டுரையைத் தொடங்குங்கள் 
584,  கண்ணன் பிள்ளை தயாரிப்பில் வெளிவந்த இத்திரைப்படத்தில் எம் 
585,  கிருஷ்ணன் இயக்கத்தில் வெளிவந்த இத்திரைப்படத்தில் ஜெய்சங்கர் ஜெயலலிதா மற்றும் பலரும் நடித்துள்ளனர் 
586,  இவர் ஒரு சட்ட அறிஞர் ஆவார் 
587,  மயூரனாதன் சில தமிழ்ச் சொற்களுக்கு ஏற்கனவே சில வார்ப்புருக்கள் செய்துள்ளார் 
588,  மாதவன் இயக்கத்தில் வெளிவந்த இத்திரைப்படத்தில் விஜயகுமார் ஸ்ரீபிரியா மற்றும் பலரும் நடித்துள்ளனர் 
589,  ஓவியம் இசை கதை கவிதை சிற்பம் கட்டிடம் மெய்யியல் நுட்பம் என்று அனைத்திலும் அழகியல் இருக்கும் 
590,  இவர் ஐக்கிய அமெரிக்காவின் முதல் குடியரசுத் தலைவர் ஆவார் 
591,  தயவு செய்து ஆங்கிலத் தலைப்புகளில் கட்டுரைகளை உருவாக்க வேண்டாம் 
592,  சம்பந்தர் அப்பர் ஆகியோரின் பாடல் பெற்ற சிவாலயமாகும் 
593,  ஈரான் தொடர்பான குறுங்கட்டுரைகள் பற்றி பிற கட்டுரைகளில் தேடிப்பாருங்கள் 
594,  சங்கர் இயக்கத்தில் வெளிவந்த இத்திரைப்படத்தில் ஜெய்சங்கர் கே. ஆர். விஜயா மற்றும் பலரும் நடித்துள்ளனர் 
595,  அவ்வாறான சிறப்பு அம்சங்கள் கீழே தரப்பட்டுள்ளன 
596,  புதிய கட்டுரைகள் உருவாக்குவது கண்டு மகிழ்ச்சி 
597,  ஆனால் முக்கியம் என்று என்னால் கருத இயலவில்லை 
598,  சம்பந்தர் அப்பர் பாடல் பெற்ற தலமாகும் 
599,  திரைப்படத் தொழில்கள் பற்றி பிற கட்டுரைகளில் தேடிப்பாருங்கள் 
600,  இதுவே யாழ்ப்பாண அரசு அல்லது யாழ்ப்பாண இராச்சியம் எனப்படுகின்றது 
601,  ஐக்கிய இராச்சியம் பிரான்ஸ் ஆகியவை நட்பு அணி நாடுகளில் இருந்த முதன்மையான நாடுகள் ஆகும் 
602,  நீங்கள் கட்டிடக் கலைஞர் என்பதால் மிகவும் உதவும் என்று நினைக்கின்றேன் 
603,  இவை ஏதேனும் ஓர் இடத்தில் தொகுத்து வரவேண்டும் 
604,  இங்கே ஆதரவு அல்லது எதிர்ப்பு என்றே விஷயம் இல்லை 
605,  தற்போது பிரான்ஸ் நாட்டில் வசித்து வருகிறார் 
606,  வெள்ளி மாழை என்பது விக்கித் திட்டம் தனிமங்களின் ஒரு பகுதியாகும் 
607,  சுந்தரம் இயக்கத்தில் வெளிவந்த இத்திரைப்படத்தில் ஜெய்சங்கர் விஜயலக்ஸ்மி மற்றும் பலரும் நடித்துள்ளனர் 
608,  கவிதை சிறுகதை புதினம் ஆய்வு அறிவியல் நாடகம் எனப் பலதரப்பட்ட நூல்கள் அவற்றுள் அடங்கும் 
609,  எடை என்பது ஒரு பொருளின் நிறை மீது செலுத்தும் புவி ஈர்ப்பு விசை ஆகும் 
610,  இந்தியாவில் அதிக மக்கள் தொகை கொண்ட மாநிலம் இதுவே 
611,  உங்கள் சிறு கட்டுரைகள் நன்றாக அமைகின்றன 
612,  நீங்கள் வந்த வேகத்தில் பங்களிப்பது கண்டு மகிழ்ச்சி 
613,  அப்பர் சம்பந்தர் பாடல் பெற்ற சிவாலயமாகும் 
614,  திரைப்படத் தயாரிப்பு நிறுவனங்கள் குறித்த கட்டுரையைத் தொடங்குங்கள் 
615,  அதே போல இந்தோஐரோப்பிய என்பது வடமொழி இயல்பு 
616,  கிருஷ்ணன் இயக்கத்தில் வெளிவந்த இத்திரைப்படத்தில் எம். ஜி. ஆர் மற்றும் பலரும் நடித்துள்ளனர் 
617,  இது பின்னர் யாழ் இந்துக் கல்லூரி ஆனது 
618,  இவரைப் பின்பற்றி இளைஞர்கள் பலர் கவிதை எழுத ஆர்வம் கொண்டனர் 
619,  இது குறித்து செல்வா அவர்களின் பக்கத்திலும் ஏற்கனவே தெரிவித்து இருந்தேன் 
620,  அப்போது நான் வீரகேசரி ஆசிரியர் பீடத்தில் வேலை செய்து கொண்டிருந்தேன் 
621,  நாராயணன் இயக்கத்தில் வெளிவந்த இத்திரைப்படத்தில் ரவிச்சந்திரன் ஜெயசித்ரா மற்றும் பலரும் நடித்துள்ளனர் 
622,  இவருடைய தந்தை பற்றி ஒரு பத்தி எழுதப்பட்டுள்ளது 
623,  மேலும் இச்சொல் பரவலாக வழக்கில் உள்ளது 
624,  ஆனந்தன் சிறுகதைகள் நாவல்கள் எழுதிய ஈழத்து எழுத்தாளர் ஆவார் 
625,  அக்காலத்தில் தமிழ்க் காங்கிரஸ் சார்பில் வெற்றி பெற்ற ஒரே உறுப்பினர் இவரே 
626,  ஆண் பெண் பூக்கள் தனித்தனியாக அமைந்துள்ளன 
627,  நீங்கள் அதை கவனிக்க அவசியமில்லை ரவி 
628,  அதே போல் கிரந்தம் கலந்து தான் எழுத வேண்டும் என்றும் சட்டம் இல்லை 
629,  அப்பர் சுந்தரர் பாடல் பெற்ற சிவாலயமாகும் 
630,  மலேசியா சிங்கப்பூர் ஐரோப்பா போன்ற பகுதிகளில் இருந்து விக்கிபீடியாவுக்கு பங்களிப்புகள் வரும் என்று தோன்றவில்லை 
631,  திராவிட மொழிகள் தொடர்பான கட்டுரைகளின் தொகுப்பு 
632,  கிருஷ்ணன் பஞ்சு இயக்கத்தில் வெளிவந்த இத்திரைப்படத்தில் 
633,  இவர்கள் யாழ்ப்பாணம் வவுனியா ஆகிய பகுதிகளில் இவர்களின் செயற்பாடு கூடுதலாக உள்ளது 
634,  தயவுசெய்து நேரம் கிடைத்தால் லினக்ஸ் கட்டுரைகள் கொஞ்சம் எழுதுங்கள் 
635,  மயூரனாதன் உங்கள் கருத்துகளை ஏற்றுக் கொள்கிறேன் 
636,  சுந்தரம் இயக்கத்தில் வெளிவந்த இத்திரைப்படத்தில் ஜெய்சங்கர் லட்சுமி மற்றும் பலரும் நடித்துள்ளனர் 
637,  சோழர் காலத்தில் தோன்றிய ஒரு தமிழ் இலக்கண நூலாகும் 
638,  நோபல் பரிசு பெற்ற சோவியத் இயற்பியலாளர் அந்திரே சாகரொவ் 
639,  முதலில் அடிப்படையான ஏழு அலகுகள் உள்ளன 
640,  சம்பந்தர் அப்பர் பாடல் பெற்ற இத்தலம் இந்தியாவின் 
641,  திரைப்படத் தயாரிப்பு நிறுவனங்கள் பற்றி பிற கட்டுரைகளில் தேடிப்பாருங்கள் 
642,  வாழை இலை இந்தியாவில் உணவு உண்ணும் தட்டு போல பயன் படுகிறது 
643,  ஜெர்மன் கலைஞர்கள் குறித்த கட்டுரையைத் தொடங்குங்கள் 
644,  இங்கு ஏன் இவ்வளவு ஆங்கில சொற்கள் இருக்கின்றன 
645,  டெரன்ஸ் நீங்கள் சொல்வது பொதுவாகப் பொருந்தும் 
646,  வீர சைவம் என்பது சைவ சமயப் பிரிவுகளில் ஒன்றாகும் 
647,  ஐக்கிய அமெரிக்காவின் மேற்கு பகுதியில் அமைந்துள்ளது 
648,  ரஷ்ய மன்னர்கள் குறித்த கட்டுரையைத் தொடங்குங்கள் 
649,  வானூர்தி நிலையங்கள் குறித்த கட்டுரையைத் தொடங்குங்கள் 
650,  தமிழ்த் தேசியக் கூட்டமைப்பின் நாடாளுமன்ற உறுப்பினர் 
651,  கோபி ரவி மயூரநாதன் அனைவருக்கும் நன்றி 
652,  அதில் காப்புரிமை பற்றிய விபரங்கள் எதுவும் கிடைக்கவில்லை 
653,  சம்பந்தர் பாடல் பெற்ற இத்தலம் பெரியார் மாவட்டத்தில் அமைந்துள்ளது 
654,  திரைப்படங்கள் தொடர்பான கட்டுரைகள் இந்த பக்க வகையில் அடங்கும் 
655,  அனைவருக்கும் எனது கிறிஸ்துமஸ் மற்றும் விடுமுறை வாழ்த்துக்கள் 
656,  இதுவே ஐரோப்பாவின் மக்கள்தொகை மிகுந்த நகரமாகும் 
657,  ஜெர்மன் கலைஞர்கள் பற்றி பிற கட்டுரைகளில் தேடிப்பாருங்கள் 
658,  விக்கிபீடியாவில் இறுக்கமான கொள்கைகள் என்று ஏதும் கிடையாது 
659,  தொடக்க நிலை பயனர்கள் உங்கள் கட்டுரையை எளிதில் புரிந்து கொள்ள இது உதவும் 
660,  ஆனால் இங்கு அதற்கு வேறு காரணம் 
661,  ரஷ்ய மன்னர்கள் பற்றி பிற கட்டுரைகளில் தேடிப்பாருங்கள் 
662,  யாழ்ப்பாண மாவட்டத்தின் தென் மேற்குப் பகுதியில் ஒரு தீவு ஆகும் 
663,  வானூர்தி நிலையங்கள் பற்றி பிற கட்டுரைகளில் தேடிப்பாருங்கள் 
664,  இது ஒரு சிறு குறிப்பு மட்டுமே 
665,  ஒரு சில சமயங்களில் மாற்று சொற்கள் இருந்தாலும் அவை முற்றிலும் பொருத்தம் இல்லாமல் இருக்கின்றன 
666,  கோப்பு என்பதன் பொருள் அறிந்து மகிழ்ச்சி 
667,  கடந்த பல நாட்களாக போதிய அளவு பங்கு கொள்ள இயலவில்லை 
668,  சம்பந்தர் பாடல் பெற்ற இத்தலம் திருநெல்வேலி நகரில் அமைந்துள்ளது 
669,  திரைப்படம் தொடர்பான குறுங்கட்டுரைகள் இந்த பக்க வகையில் அடங்கும் 
670,  வலை என்பது பொருந்தும் என்று எண்ணுகிறேன் 
671,  டெரன்ஸ் சுந்தர் நீங்கள் கூறுவது உண்மை 
672,  எனினும் ஒப்பீட்டளவில் இது மிகவும் ஆழம் குறைந்தது 
673,  கிருஷ்ண ஜயர் மற்றும் பலரும் நடித்துள்ளனர் 
674,  இது வார்ப்புருநாட்டுத் தகவல் ஐக்கிய அமெரிக்க நாடுகள் இற்கான தகவல்களை மையப்படுத்தும் வார்ர்புரு மட்டுமே நேரடியாக கட்டுரைகளில் பயன்படுத்துவதை தவிர்க்கவும் 
675,  பின்வரும் சொற்றொடர் கொஞ்சம் புரிந்து கொள்ள கடினமாக இருக்கிறது 
676,  விக்கியில் உன் கட்டுரை என் கட்டுரை என்று ஏதும் கிடையாது 
677,  ஆமாம் வளி போன்ற வடிவம் என்று சொல்லலாம் 
678,  ஸ்ரீகாந்த் இயக்கத்தில் வெளிவந்த இத்திரைப்படத்தில் ரவிச்சந்திரன் கே. ஆர். விஜயா மற்றும் பலரும் நடித்துள்ளனர் 
679,  பல்வேறு நாடுகளில் தேசிய அளவிலும் உலக அளவிலும் பல அரசு சார்பற்ற அமைப்புக்கள் இயங்கி வருகின்றன 
680,  நடப்பு நிகழ்வுகள் ஒரு குறிப்பிடத்தக்க வளர்ச்சி 
681,  அப்பொழுது சுட்டி தர எளிதாக இருக்கும் 
682,  வணக்கம் நீங்கள் ரஷ்யா தொடர்பான கட்டுரைகளை எழுதி வருவது மகிழ்ச்சி 
683,  ஆனால் எல்லா சொற்களையும் தகுந்த சொல் என்று உடனே ஏற்றுக்கொள்ள தேவையில்லை 
684,  இச் சொல் கடவுளின் நகரத்தின் எழுத்து என்ற பொருள்படும் 
685,  அதற்கு இன்னும் கொஞ்சம் வேலை செய்ய வேண்டும் 
686,  மயூரநாதன் இப்பக்கத்தில் படம் மட்டுமே உள்ளது 
687,  இது வார்ப்புருநாட்டுத் தகவல் ஐக்கிய இராச்சியம் இற்கான தகவல்களை மையப்படுத்தும் வார்ர்புரு மட்டுமே நேரடியாக கட்டுரைகளில் பயன்படுத்துவதை தவிர்க்கவும் 
688,  முத்துராமன் இயக்கத்தில் வெளிவந்த இத்திரைப்படத்தில் சிவகுமார் ஸ்ரீபிரியா மற்றும் பலரும் நடித்துள்ளனர் 
689,  சண்முகம் இயக்கத்தில் வெளிவந்த இத்திரைப்படத்தில் சிவகுமார் ஜெயலலிதா மற்றும் பலரும் நடித்துள்ளனர் 
690,  எல்லாம் வல்ல ஒரு சக்தி இருக்கிறது என்ற நம்பிக்கை வேண்டும் 
691,  விக்கிபீடியா பயனர்கள் கோபி மற்றும் சிந்து மற்றும் விக்கிபீடியாவின் அனாமதேய பயனர்கள் உடைய ஆக்கத்தை அடிப்படையாகக் கொண்டது 
692,  மணி இயக்கத்தில் வெளிவந்த இத்திரைப்படத்தில் எஸ். கிருஷ்ணன் மற்றும் பலரும் நடித்திருந்தனர் 
693,  பல வகையான சமையல் முறைகள் உள்ளன 
694,  அந்தச் சிறு குறிப்பு இங்கு இருப்பதில் தவறில்லை என்று நினைக்கிறேன் 
695,  இதன் பயன்பாடு இந்தியா முழுவதும் மற்றும் மேற்கு நாடுகளிலும் பரவி வருகின்றது 
696,  ஏற்கனவே உள்ள சொல்லுக்கு மறுபடியும் செல்வாவின் பரிந்துரை ஏன் என்று புரிந்து கொள்ள முடியவில்லை 
697,  ஜப்பான் நாட்டில் அமைந்துள்ள ஒரு நகரமாகும் 
698,  பல ஆண்டுகளாக அவரை எனக்குத் தெரியும் 
699,  ஐக்கிய அமெரிக்காவின் தென்மேற்கு பகுதியில் அமைந்துள்ளது 
700,  வணக்கம் ரஷ்யா பற்றிய தங்கள் கட்டுரைகள் நன்று 
701,  இந்தியாவில் பிறந்த பிரித்தானிய எழுத்தாளர் கவிஞர் 
702,  இந்தப் பகுப்பில் உள்ள முதன்மைக் கட்டுரை ஆஸ்திரேலியா ஆகும் 
703,  இலங்கைத் தமிழரசுக் கட்சியின் மூத்த தலைவர் 
704,  போன்ற புத்தகங்கள் தமிழ் பேசும் உலகில் இன்றும் பிரபலமாக உள்ளது 
705,  நீலகிரி மலை இரயில் பாதை அமைக்கப்பட்டது 
706,  நாயுடு என்று எழுதுவது எனக்கும் உடன்பாடே 
707,  உதாரணமாக ஆங்கில விக்கியில் மில்லியன் மேல் பக்கங்கள் உள்ளன 
708,  நீங்கள் நல்ல முறையில் பங்களித்து வருவது கண்டு மகிழ்ச்சி 
709,  நான் வழு பதிவு செய்து விடுகிறேன் 
710,  தேயிலை பற்றி பிற கட்டுரைகளில் தேடிப்பாருங்கள் 
711,  கோபாலகிருஷ்ணன் இயக்கத்தில் வெளிவந்த இத்திரைப்படத்தில் மனோகர் என் 
712,  ஐக்கிய அமெரிக்காவின் வடக்குப் பகுதியில் அமைந்துள்ளது 
713,  மயூரநாதன் உங்கள் விளக்கம் முற்றிலும் உண்மை தான் 
714,  ஆஸ்திரேலியா என்பது விக்கித் திட்டம் நாடுகளின் ஒரு பகுதியாகும் 
715,  ஏனைய கட்டுரைகளைப் போன்ற நடை பொருத்தமானது 
716,  முத்துராமன் இயக்கத்தில் வெளிவந்த இத்திரைப்படத்தில் ஜெய்சங்கர் சுஜாதா மற்றும் பலரும் நடித்துள்ளனர் 
717,  இவருடைய திசை தெற்கு நிறம் மஞ்சள் 
718,  வீடுகள் பற்றி பிற கட்டுரைகளில் தேடிப்பாருங்கள் 
719,  கட்டுரைகள் அறிவியல் நோக்கில் அமைவது சரியே 
720,  மொழிகள் பற்றியும் பல கட்டுரைகள் உள்ளன 
721,  நீங்கள் பகுப்பு பக்கத்தில் இட்ட இலக்குவனார் பற்றிய கட்டுரையை இலக்குவனார் என்று தனிப் பக்கத்து மாற்றியுள்ளேன் 
722,  அந்த இணைப்பு எனக்கு வேலை செய்யவில்லை 
723,  வளங்கள் பற்றி பிற கட்டுரைகளில் தேடிப்பாருங்கள் 
724,  விருத்தி என்பதை வளர்ச்சி என மாற்றியுள்ளேன் 
725,  திருமால் பிரம்மா சூரியன் ஆகியோர் வழிபட்ட தலமென்பது தொன்நம்பிக்கை ஐதிகம் 
726,  முத்துராமன் இயக்கத்தில் வெளிவந்த இத்திரைப்படத்தில் விஜய் சரோஜா மற்றும் பலரும் நடித்துள்ளனர் 
727,  கிருஷ்ணன் தமிழ்த் திரைப்பட நகைச்சுவை நடிகர் 
728,  அங்கு இது விக்டோரியா நைல் என்று அழைக்கப்படுகிறது 
729,  ஆப்கானிஸ்தான் என்பது விக்கித் திட்டம் நாடுகளின் ஒரு பகுதியாகும் 
730,  இதனாலேயே வெளி இணைப்புகள் விடயத்தில் நான் கொஞ்சம் கவனம் எடுத்து செய்கிறேன் 
731,  சோழப் பேரரசு ஆட்டம் காணும் நிலை ஏற்பட்டது 
732,  ஆரம்பத்தில் சீன எழுத்துமுறை மூலம் எழுதப்பட்டது 
733,  நிர்வாகி தரம் உள்ளவர்கள் இந்தப் பக்கத்தை சேமித்து விடவும் 
734,  தென் சென்னையில் தகவல் தொழில்நுட்ப நிறுவனங்கள் உள்ளன 
735,  உமாபதி கோபி ரவி உங்கள் கருத்துக்களுக்கு நன்றி 
736,  தமிழ்ச் சூழலில் எதிர்ப்பு போராட்டம் பற்றி விரிவான ஆய்வுகள் இதுவரை இல்லை 
737,  செயற்பாடுகள் என்றால் இன்னும் நன்றாக இருக்கலாம் 
738,  இவர் பல ராப் பாடல்களை எழுதியுள்ளார் 
739,  ஸ்ரீதர் இயக்கத்தில் வெளிவந்த இத்திரைப்படத்தில் ஜெமினி கணேசன் பாரதி மற்றும் பலரும் நடித்துள்ளனர் 
740,  ஐக்கிய அமெரிக்காவின் கிழக்குக் கடற்கரை பகுதியில் அமைந்துள்ளது 
741,  விக்கிபீடியா பயனர்கள் பாலாஜி மற்றும் கோபி உடைய ஆக்கத்தை அடிப்படையாகக் கொண்டது 
742,  கிருஷ்ணன் பஞ்சு இயக்கத்தில் வெளிவந்த இத்திரைப்படத்தில் என் 
743,  ஏன் இதை எழுதினார் என்பதைத் தம் சுய வரலாறு நூலில் விளக்கி எழுதினார் 
744,  இது தற்போது ஒரு குறுங்கட்டுரை இன்னும் நிறைய எழுதலாம் 
745,  எடுத்துக்காட்டுக்கு ஞானம் கட்டுரை எனக்கு புரியவில்லை 
746,  மிகக் குறைந்த வயதில் நோபல் பரிசு பெற்றவர் இவரே 
747,  இவற்றின் உயரம் கடல் மட்டத்தில் இருந்து சில நூறு அடிகள் முதல் சில ஆயிரம் அடிகள் வரை வேறுபடுகின்றன 
748,  செல்வா உங்களின் கருத்தை நான் அப்படியே ஏற்கின்றேன் 
749,  எனவே வலை என்பது பொருந்தும் என்றுதான் நினைக்கிறேன் 
750,  குறிப்பாக மயூரநாதன் போன்றோர் எழுதும் கட்டுரைகள் நல்ல கலைக்களஞ்சிய நடையில் உள்ளன 
751,  தயவு செய்து அதை சரி செய்யவும் 
752,  ஸ்ரீநிவாசன் இயக்கத்தில் வெளிவந்த இத்திரைப்படத்தில் சிவகுமார் ஸ்ரீபிரியா மற்றும் பலரும் நடித்துள்ளனர் 
753,  பிரகாஷ் ராவ் இயக்கத்தில் வெளிவந்த இத்திரைப்படத்தில் ஜெமினி கணேசன் துரைராஜ் மற்றும் பலரும் நடித்துள்ளனர் 
754,  ஐக்கிய அமெரிக்கா மீது போரை அறிவித்தது 
755,  ஆனால் சமயம் என்ற ஒன்று உண்டு 
756,  மரபு நோக்கில் ஏழு வட்டார மொழிகள் உள்ளன 
757,  வறுமை பற்றி பிற கட்டுரைகளில் தேடிப்பாருங்கள் 
758,  சந்திரன் இயக்கத்தில் வெளிவந்த இத்திரைப்படத்தில் கே. தங்கவேலு மற்றும் பலரும் நடித்துள்ளனர் 
759,  உங்கள் உதவிகள் மிகவும் பயன் உள்ளவை 
760,  இங்கு வலை என்பதே பொருந்தும் என்று நினைக்கின்றேன் 
761,  ஸ்ரீநிவாசன் இயக்கத்தில் வெளிவந்த இத்திரைப்படத்தில் சிவாஜி கணேசன் ஜெயலலிதா மற்றும் பலரும் நடித்துள்ளனர் 
762,  கடைசி வசனம் யாரோ சொன்னது யார் என்று ஞாபகம் வரவில்லை 
763,  ஐக்கிய இராச்சியத்தின் முதலாவது பெண் பிரதமர் ஆனார் 
764,  ரஷ்ய நாட்டின் மிகப்பெரிய நகரமும் இதுவே ஆகும் 
765,  இதனால் குழப்பம் பெரிதாக ஏதும் இல்லை 
766,  இளையராஜா கட்டுரையில் உங்கள் திருத்தம் பார்த்தேன் 
767,  வேதியியல் தனிமங்களின் ஒரு வரிசை ஆகும் 
768,  ஆந்திர மாநிலத்திலுள்ள மூன்றாவது பெரிய நகரமாகும் 
769,  வட அமெரிக்க விலங்குகள் குறித்த கட்டுரையைத் தொடங்குங்கள் 
770,  வடமொழி இலக்கியம் குறித்த கட்டுரையைத் தொடங்குங்கள் 
771,  முத்துராமன் இயக்கத்தில் வெளிவந்த இத்திரைப்படத்தில் சிவாஜி கணேசன் கே. ஆர். விஜயா மற்றும் பலரும் நடித்துள்ளனர் 
772,  இந்த மேற்கோள் தவிர மேலும் பல உள்ளன 
773,  இது தான் இப்பொழுது எமக்கு முன் இருக்கும் ஒரு முக்கிய பணி 
774,  மொழி பண்பாட்டின் அதி உயர் படைப்பு 
775,  வடமொழி இலக்கியம் பற்றி பிற கட்டுரைகளில் தேடிப்பாருங்கள் 
776,  ஸ்ரீநிவாசன் இயக்கத்தில் வெளிவந்த இத்திரைப்படத்தில் சிவாஜி கணேசன் சரோஜா தேவி மற்றும் பலரும் நடித்துள்ளனர் 
777,  குறைவான பங்களிப்பாளர்கள் மட்டுமே உள்ள நிலையில் விரைந்து கட்டுரைகளை உருவாக்க இது உதவும் 
778,  கிருஷ்ணன் பஞ்சு இயக்கத்தில் வெளிவந்த இத்திரைப்படத்தில் மோகன் கே. ஆர். விஜயா மற்றும் பலரும் நடித்துள்ளனர் 
779,  தவறான தகவல்கள் ஏதும் இருக்கக் கூடாது 
780,  எகிப்து வடக்கு ஆப்பிரிக்காவில் உள்ள ஒரு குடியரசு நாடாகும் 
781,  ஐயா வணக்கம் உங்கள் வருகை கண்டு நான் மிக மகிழ்கிறேன் 
782,  தேவை என்றால் பிறமொழிச் சொற்களை கட்டுரையின் இறுதியில் தரலாம் 
783,  வட அமெரிக்க விலங்குகள் பற்றி பிற கட்டுரைகளில் தேடிப்பாருங்கள் 
784,  வரலாற்றில் வெவ்வேறு வேர் எழுத்து முறைகள் பயன்பாட்டில் இருந்தன 
785,  ஆமாம் ரவி செல்வாவின் புரிதல் சரி. அந்த முயற்சியில் நான் ஈடுபடலாம் என்று இருக்கின்றேன் 
786,  இலங்கையில் சாலை என்ற சொல் வழக்கில் இல்லை 
787,  வரலாற்றுக் கட்டுரைகளில் இப்படி மேலதிக தகவல் இடுவது நல்லது 
788,  தமிழ்ப் புத்தாண்டு என்ற பெயரில் ஒரு பக்கம் ஏற்கனவே உள்ளது 
789,  ஸ்ரீநிவாசன் இயக்கத்தில் வெளிவந்த இத்திரைப்படத்தில் சிவாஜி கணேசன் சுஜாதா மற்றும் பலரும் நடித்துள்ளனர் 
790,  ஆனால் நெடில் என்பதில் ஐயம் இல்லை 
791,  பிரகாஷ் ராவ் அஞ்சலி தேவி மற்றும் பலரும் நடித்துள்ளனர் 
792,  இது போல் இங்கு எப்படி செய்வது என்று பார்க்க வேண்டும் 
793,  இது போல நூற்றுக்கணக்கான கட்டுரைகள் தமிழ் விக்கிபீடியாவில் இருக்கும் என எண்ணுகிறேன் 
794,  மரண யோகம் இது இன்னொரு மிக முக்கியமான தந்திர முறையாகும் 
795,  சுந்தரர் பாடல் பெற்ற இத்தலம் திருச்சி மாவட்டத்தில் அமைந்துள்ளது 
796,  வேதியியல் அறிஞர் நோபல் பரிசு பெற்றவர் 
797,  இதனால் இவை சூரிய மாதங்கள் எனப்படுகின்றன 
798,  சங்கர் இயக்கத்தில் வெளிவந்த இத்திரைப்படத்தில் சிவாஜி கணேசன் ஸ்ரீபிரியா மற்றும் பலரும் நடித்துள்ளனர் 
799,  வணிகம் பற்றி பிற கட்டுரைகளில் தேடிப்பாருங்கள் 
800,  கிருஷ்ணன் பஞ்சு இயக்கத்தில் வெளிவந்த இத்திரைப்படத்தில் ஸ்ரீகாந்த் கே. ஆர். விஜயா மற்றும் பலரும் நடித்துள்ளனர் 
801,  ஐக்கிய அமெரிக்காவின் தென்மேற்கு மத்திய பகுதியில் அமைந்துள்ளது 
802,  இதன் வழி தொடர்ந்து மின்னோட்டம் இருப்பதைக் காட்டினார் 
803,  ஏனைய எல்லாக் கட்டுரைகளும் அவ்வாறே உள்ளன 
804,  தன்மை என்பது நான் என்பதைக் குறிப்பது 
805,  ஸ்ரீநிவாசன் இயக்கத்தில் வெளிவந்த இத்திரைப்படத்தில் முத்துராமன் ஜெயலலிதா மற்றும் பலரும் நடித்துள்ளனர் 
806,  அவரது பேச்சு பக்கத்தை ஒருமுறை கவனிக்கவும் 
807,  நற்கீரன் நீங்கள் கூறுவது சரியாக இருக்கலாம் 
808,  அவள் வீட்டில் இளைஞர்கள் யாரும் இல்லை 
809,  இங்குள்ள பெரும்பாலான மக்கள் பேசும் மொழி 
810,  ஆங்கில விக்கியில் இருந்து பெற்ற குறிப்புகள் 
811,  இது நாட்டின் இரண்டாவது பெரிய நகரம் ஆகும் 
812,  இவன் காலத்தில் பாண்டி நாட்டில் மழை வளம் இல்லாமல் இருந்தது 
813,  யாழ்ப்பாணத்தில் இருந்து வெளிவரும் ஒரு உளவியல் சஞ்சிகை 
814,  இது பற்றி மேலும் ஆதாரங்கள் இருந்தால் அறிய ஆவல் 
815,  முத்துராமன் இயக்கத்தில் வெளிவந்த இத்திரைப்படத்தில் ஸ்ரீபிரியா ஜெய்சங்கர் மற்றும் பலரும் நடித்துள்ளனர் 
816,  கலம் என்பது எங்கிருந்து வந்தது என்பதை அறியேன் 
817,  இவை ஆசியா ஆப்பிரிக்கா தென் ஐரோப்பா ஆகிய பகுதிகளில் வாழும் 
818,  ஏனெனில் இரண்டு சொற்களும் வழக்கில் இருக்கவேண்டும் என்னும் கருத்தில் 
819,  விஷ்ணு எடுத்த இரண்டாம் அவதாரம் ஆகும் 
820,  தமிழில் நான் கண்ட மிகச்சிறந்த ஆய்வு நூல்களில் ஒன்று 
821,  எனது ஆங்கில விக்கிபீடியா பயனர் பக்கம் இங்கே 
822,  சிவாஜி என்னும் தலைப்பில் உள்ள கட்டுரைகள் கீழே உள்ளன 
823,  பிரகாஷ் ராவ் இயக்கத்தில் வெளிவந்த இத்திரைப்படத்தில் சிவாஜி கணேசன் தங்கவேலு பத்மினி சாவித்ரி மற்றும் பலரும் நடித்துள்ளனர் 
824,  வெப்பம் பற்றி பிற கட்டுரைகளில் தேடிப்பாருங்கள் 
825,  தயவு செய்து சற்று விளக்கினால் நன்றாக இருக்கும் 
826,  கிருஷ்ணன் பஞ்சு இயக்கத்தில் வெளிவந்த இத்திரைப்படத்தில் ஜெய்சங்கர் ஜெயசித்ரா மற்றும் பலரும் நடித்துள்ளனர் 
827,  இது உலகளாவிய முறையில் ஏற்றுக்கொள்ளப்பட்ட ஒன்றாகும் 
828,  வாழை தென் கிழக்கு ஆசியாவில் தோன்றியது 
829,  சுந்தரம் இயக்கத்தில் வெளிவந்த இத்திரைப்படத்தில் எஸ். சுந்தரம் மற்றும் பலரும் நடித்துள்ளனர் 
830,  கிழக்கு ஐரோப்பா குறித்த கட்டுரையைத் தொடங்குங்கள் 
831,  விக்கிபீடியா பயனர்கள் கோபி மற்றும் வைகுண்ட ராஜா உடைய ஆக்கத்தை அடிப்படையாகக் கொண்டது 
832,  இங்கு நூல்களில் எல்லாம் அதுவே பயன்படுகின்றது 
833,  வானியல் தொடர்பான கட்டுரைகள் இந்த பக்க வகையில் அடங்கும் 
834,  சுருக்கமாக இருப்பதால் இதனைப் பயன்படுத்துவதில் எனக்கும் உடன்பாடே 
835,  இதில் ஒவ்வொரு சேர மன்னன் பற்றியும் பத்துப் பாடல்கள் உள்ளன 
836,  இதற்கு மேலதிகமாக மக்கள் விடுதலை முன்னணி 
837,  வேறு என்ன பிரச்சினை என்று புரியவில்லை 
838,  வாழ்வியல் பற்றி பிற கட்டுரைகளில் தேடிப்பாருங்கள் 
839,  தென் கிழக்கு ஆசியாவில் தான் வாழை முதன் முதலாக பயிர் செய்யப்பட்டது 
840,  இது போன்ற சமயங்களில் தமிழ் சொல்லை அடுத்து அதே பொருள் தரும் பிற சொற்களையும் பயன்படுத்தலாம் 
841,  சாமி இயக்கத்தில் வெளிவந்த இத்திரைப்படத்தில் கணேஷ் ராதா மற்றும் பலரும் நடித்துள்ளனர் 
842,  ராஜன் ஆங்கில விக்கிக்கு இணைப்பு கொடுத்து உள்ளேன் 
843,  ஆனால் நூல்களில் எல்லாம் லைடன் தீவு என்றுதான் இருக்கின்றது 
844,  கிரந்த எழுத்துப் பயன்பாடு குறித்து தெளிவான கொள்கை ஏதும் இதுவரை இங்கு இல்லை 
845,  கிழக்கு ஐரோப்பா பற்றி பிற கட்டுரைகளில் தேடிப்பாருங்கள் 
846,  நாடகக் கலைஞர்கள் குறித்த கட்டுரையைத் தொடங்குங்கள் 
847,  தமிழ் ஆங்கிலம் இந்தி சமஸ்கிருதம் மற்றும் வங்காள மொழி ஆகியவற்றில் புலமை பெற்றவர் 
848,  தமிழ்நாட்டில் தமிழ் இன்றி வேறு எதுவும் தனித்து ஒன்றும் செய்ய இயலாது 
849,  ஸ்ரீதர் இயக்கத்தில் வெளிவந்த இத்திரைப்படத்தில் சிவாஜி கணேசன் கே. ஆர். விஜயா மற்றும் பலரும் நடித்துள்ளனர் 
850,  மிகப் பெரும்பான்மையான யாழ்ப்பாண இந்துக்களின் பெயர்கள் இரண்டு பகுதிகளைக் கொண்டிருக்கின்றன 
851,  இது வானியல் கணிதத்தின் முதல் தேற்றம் 
852,  இவரது முக்கியத்துவம் தொடர்பான ஆதாரங்கள் இருந்தால் இக்கட்டுரை இருக்கலாம் 
853,  கோபி சிந்து நீங்கள் விடாது நிறைய இசை பற்றி எழுதி வாருங்கள் 
854,  கிருஷ்ணன் இயக்கத்தில் வெளிவந்த இத்திரைப்படத்தில் ராமச்சந்திரன் மற்றும் பலரும் நடித்துள்ளனர் 
855,  தமிழகத்தில் பெரும் அரசியல் குழப்பம் ஏற்பட்டது 
856,  தொடர்பான நூல்கள் சில விரைவில் நூலகம் திட்டத்தில் கிடைக்கும் 
857,  ஐக்கிய நாடுகள் குறித்த கட்டுரையைத் தொடங்குங்கள் 
858,  நாடகக் கலைஞர்கள் பற்றி பிற கட்டுரைகளில் தேடிப்பாருங்கள் 
859,  இந்தியாவின் மிகப்பெரிய டென்னிஸ் போட்டி ஆகும் 
860,  இரு கட்டுரைகளில் இருந்து ஒரே கட்டுரைக்கு இணைப்பு இருந்தால் இவ்வாறு செய்கிறது 
861,  இம்முறை பல்வேறு நாடுகளிலும் வேறுபட்ட முறைகளில் நடைமுறையில் உள்ளது 
862,  ராமசாமி இயக்கத்தில் வெளிவந்த இத்திரைப்படத்தில் முத்துராமன் கே. ஆர். விஜயா மற்றும் பலரும் நடித்துள்ளனர் 
863,  மேற்கண்ட கட்டுரையில் பல அடிப்படை தவறுகள் உள்ளன 
864,  கீழ்க்கண்ட ஆங்கிலச் சொற்களுக்கு தமிழ் சொற்கள் தேவை 
865,  இலங்கையில் இருந்து வெளிவரும் நாளிதழ் ஆகும் 
866,  கிருஷ்ணன் பஞ்சு இயக்கத்தில் வெளிவந்த இத்திரைப்படத்தில் சிவாஜி கணேசன் 
867,  எழுத்து முறைகள் குறித்த கட்டுரையைத் தொடங்குங்கள் 
868,  ஆனால் தமிழ் விக்கிபீடியா ஒரு கலைக்களஞ்சியம் 
869,  ஏனெனில் மெய் எழுத்துக்களின் மேல் புள்ளி கிடையாது 
870,  ஐக்கிய நாடுகள் பற்றி பிற கட்டுரைகளில் தேடிப்பாருங்கள் 
871,  சங்கர் இயக்கத்தில் வெளிவந்த இத்திரைப்படத்தில் சிவாஜி கணேசன் ஸ்ரீபிரியா மற்றும் பலரும் நடித்துள்ளனர் 
872,  கடைசியாக என்னை நீங்கள் செல்வா என்றே தயங்காமல் கூறலாம் 
873,  விடுதலைப் போராட்ட வீரர்கள் குறித்த கட்டுரையைத் தொடங்குங்கள் 
874,  இக் கட்டுரை மொழியைப் பற்றி அடிப்படையான கருத்துக்கள் கொண்டது 
875,  இப்பொழுது இருக்கும் குறிப்பு கீழே உள்ளது 
876,  மாதவன் இயக்கத்தில் வெளிவந்த இத்திரைப்படத்தில் ஜெமினி கணேசன் கே. ஆர். விஜயா மற்றும் பலரும் நடித்துள்ளனர் 
877,  இதில் இவர் பற்றிய சில தகவல்கள் உள்ளன 
878,  குறித்த பகுப்பு பக்கத்தை தொகுக்க வேண்டியதில்லை 
879,  எழுத்து முறைகள் பற்றி பிற கட்டுரைகளில் தேடிப்பாருங்கள் 
880,  வரலாறு தொடர்புடைய கட்டுரைகள் இந்த பக்க வகையில் அடங்கும் 
881,  கோபாலகிருஷ்ணன் இயக்கத்தில் வெளிவந்த இத்திரைப்படத்தில் மனோகர் எஸ். கிருஷ்ணன் மற்றும் பலரும் நடித்துள்ளனர் 
882,  ஐக்கிய இராச்சியம் என்பது விக்கித் திட்டம் நாடுகளின் ஒரு பகுதியாகும் 
883,  விக்கிபீடியாவை யாரும் தொகுக்க முடியும் என்பது உண்மைதான் 
884,  வழக்கத்தில் தமிழ்ச் சொல் ஏதும் இல்லை 
885,  அங்குள்ள சிறிய இடத்தில் அவர்களால் கூடுதல் இணைப்புகள் தர முடியாது 
886,  மின்னஞ்சல் பற்றி பிற கட்டுரைகளில் தேடிப்பாருங்கள் 
887,  என்பதுடன் பொதுவாக ஒன்றுக்கொன்று ஆக அமைந்தன 
888,  ராஜேந்திரன் இயக்கத்தில் வெளிவந்த இத்திரைப்படத்தில் சுதாகர் ராதிகா மற்றும் பலரும் நடித்துள்ளனர் 
889,  தியாகராஜ பாகவதர் தமிழ்த் திரைப்பட நடிகர் பாடகர்  
890,  ராமன் இயக்கத்தில் வெளிவந்த இத்திரைப்படத்தில்  ராமசாமி மற்றும் பலரும் நடித்துள்ளனர் 
891,  இந்தக் கட்டுரையைப் புரிந்து கொள்ள எனக்கு கடினமாக இருக்கிறது 
892,  விசேட என்பதற்கு சிறப்பான என்று சில இடங்களில் மாற்றியுள்ளேன் 
893,  கோபாலகிருஷ்ணன் இயக்கத்தில் வெளிவந்த இத்திரைப்படத்தில் சிவாஜி கணேசன் பத்மினி மற்றும் பலரும் நடித்துள்ளனர் 
894,  இந்தப் பகுப்பில் உள்ள முதன்மைக் கட்டுரை ஐக்கிய அமெரிக்க நாடுகள் ஆகும் 
895,  ஒரு தீவில் உள்ள மிகப்பெரிய ஏரி 
896,  கிரேக்க நாட்டைச் சேர்ந்த மருத்துவ அறிஞர் ஆவார் 
897,  ஆர் லக்ஸ்மி மற்றும் பலரும் நடித்துள்ளனர் 
898,  அருள் கூர்ந்து அமைதி கொள்ள வேண்டுகிறேன் 
899,  நீண்ட நாட்களாக எழுத நினைத்து வரும் ஒன்று 
900,  மற்றவர்கள் மிகச் சிறந்த பக்தர்கள் மட்டுமே 
901,  இந்த நோக்கில் இதில் பல வசதிகள் உள்ளன 
902,  ஆனால் இதை உறுதி செய்ய முடியவில்லை 
903,  இது நாட்டிய இசையில் முக்கிய இடம் பெறுகிறது 
904,  விளையாட்டு பற்றி பிற கட்டுரைகளில் தேடிப்பாருங்கள் 
905,  கோபாலகிருஷ்ணன் இயக்கத்தில் வெளிவந்த இத்திரைப்படத்தில் முத்துராமன் சுஜாதா மற்றும் பலரும் நடித்துள்ளனர் 
906,  ஐக்கிய அமெரிக்க நாடுகள் என்பது விக்கித் திட்டம் நாடுகளின் ஒரு பகுதியாகும் 
907,  எளிய தமிழில் தரமான கட்டற்ற கலைக்களஞ்சியம் 
908,  ஒவ்வொரு நாளும் மேற் குறிப்பிட்ட ஏதாவதொரு பெயரைக் கொண்டிருக்கும் 
909,  லக்ஸ்மி தேவி மற்றும் பலரும் நடித்துள்ளனர் 
910,  குறிப்பாக அரசியல் சமயம் மெய்யியல் சமூக அறிவியல் விடயங்களில் 
911,  பரவலாகப் பயன் பட்டு வரும் வேதியியல் என்றுதான் எழுதி உள்ளேன் 
912,  விடுதலைப் போராட்ட வீரர்கள் பற்றி பிற கட்டுரைகளில் தேடிப்பாருங்கள் 
913,  விளையாட்டுக்கள் தொடர்பான கட்டுரைகள் இந்த பக்க வகையில் அடங்கும் 
914,  நான் தொடர்ந்தும் கட்டுரைகளை நீக்கி வருவது விக்கிபீடியாவின் தரம் பேண மட்டுமே 
915,  பொது என்ற அமைப்பில் பாடல்கள் அமைந்துள்ளன 
916,  மாணவர்கள் தமிழ் விக்கி கட்டுரைகளைப் புரிந்து கொள்ள இதுவே இலகுவான வழி 
917,  தமிழ் விக்கியில் கட்டுரைத் தலைப்பு தமிழில் மட்டுமே இருக்க வேண்டும் என்பது வழமை 
918,  தமிழ் நாட்டு மாநில அரசியல் கட்சி ஆகும் 
919,  சிறுவர் மலர் நாடகங்களில் ஆரம்பித்து மேடை நாடகங்களில் நிறைய நடித்தவர் 
920,  எனக்கும் இலங்கையில் அமைதி மீண்டும் ஏற்படும் என்ற நம்பிக்கை குறைந்து வருகின்றது 
921,  கட்டுரைகள் எழுதும்போது கலைக்களஞ்சிய நடையில் எழுதுங்கள் 
922,  பிரகாஷ் இயக்கத்தில் வெளிவந்த இத்திரைப்படத்தில் கிளௌன் சுந்தரம் மற்றும் பலரும் நடித்துள்ளனர் 
923,  ஐக்கிய அமெரிக்க நாடுகள் என்பது தான் சரியான பெயர் 
924,  ஸ்ரீ என்ற கிரந்த எழுத்து வடிவம் என்ற கிரந்த எழுத்தில் இருந்து தோன்றியது ஆகும் 
925,  பின்னர் ஜெர்மன் குறிப்பிடத்தக்க வளர்ச்சி கண்டது 
926,  என்னை பொறுத்தவரை கட்டுரை எண்ணிக்கை தரம் பரப்பு மூன்றும் முக்கியம் 
927,  ஒப்பந்தம் பற்றி பிற கட்டுரைகளில் தேடிப்பாருங்கள் 
928,  விக்கிபீடியா பயனர்கள் அரசன் உடைய ஆக்கத்தை அடிப்படையாகக் கொண்டது 
929,  விக்கிப்பீடியா இன்றைய சிறப்புப் படம் குறித்த கட்டுரையைத் தொடங்குங்கள் 
930,  ஸ்ரீநிவாசன் இயக்கத்தில் வெளிவந்த இத்திரைப்படத்தில் ரவிச்சந்திரன் கே. ஆர். விஜயா மற்றும் பலரும் நடித்துள்ளனர் 
931,  இது போல் நாட்டில் பல திட்டங்கள் இருக்கின்றன 
932,  காப்புரிமை தொடர்பாக தமிழ்நாட்டு அரசு தளம் தெளிவாக இல்லை 
933,  விக்கிப்பீடியா இன்றைய சிறப்புப் படம் பற்றி பிற கட்டுரைகளில் தேடிப்பாருங்கள் 
934,  ஸ்ரீநிவாசன் இயக்கத்தில் வெளிவந்த இத்திரைப்படத்தில் தேங்காய் ஸ்ரீநிவாசன் சுஜாதா மற்றும் பலரும் நடித்துள்ளனர் 
935,  மொழி என்பது சமூகத்தின் ஒரு கூறு தான் 
936,  ரவி உலக அளவில் அது என்ன உலக அளவு 
937,  ஆனந்தன் அசோகன் மற்றும் பலரும் நடித்துள்ளனர் 
938,  மேலும் தமிழில் ஐக்கிய அமெரிக்க நாடுகள் என்பதுதான் பொதுவான வழக்கு 
939,  சஞ்சிகை என்பது இலங்கையில் பரவலாகப் பயன்படுகிறது 
940,  உமாபதி தமிழ் கூகுள் தளம் ஏற்கனவே உள்ளது 
941,  வைணவ இலக்கியங்கள் குறித்த கட்டுரையைத் தொடங்குங்கள் 
942,  சுந்தர் உங்களின் பொருள் விளக்கம் சரியே 
943,  உலகிலேயே போக்குவரத்து மிகுந்த வானூர்தி நிலையங்கள் பற்றிய தகவல்கள் இக்கட்டுரையில் தரப்பட்டுள்ளன 
944,  லெக் வலேசா என்பது சரியான உச்சரிப்பு 
945,  இதற்குக் காரணம் என்ன என்பதும் தெரியவில்லை 
946,  விக்கிமீடியா பற்றி பிற கட்டுரைகளில் தேடிப்பாருங்கள் 
947,  குமார் பற்றிய கட்டுரையின் விருத்தி தொடர்பான கலந்துரையாடலுக்கான பேச்சுப் பக்கமாகும் 
948,  இந்த பக்கத்தை தமிழ் விக்கிபீடியாவிற்கு ஏற்ப மாற்று எழுத வேண்டும் 
949,  துரை இயக்கத்தில் வெளிவந்த இத்திரைப்படத்தில் விஜயகுமார் ரஜினிகாந்த் மற்றும் பலரும் நடித்துள்ளனர் 
950,  ஐக்கிய நாடுகள் சபை உறுப்பு நாடுகள் பார்க்கவும் 
951,  இது போன்ற கட்டுரைகளை விக்கி மூலம் தளத்தில் இடலாம் என நினைக்கிறேன் 
952,  விசை அலகுகள் பற்றிய கட்டுரைகள் இந்த பக்க வகையில் அடங்கும் 
953,  தேவி பிலிம்ஸ் நிறுவனத்தினரால் வெளிவந்த இத்திரைப்படத்தில் கல்யாண ராம மற்றும் பலரும் நடித்துள்ளனர் 
954,  வலைப்பதிவுகளில் நான் என்பது தவிர்க்க முடியாத ஒன்று 
955,  ரவி கலைக்களஞ்சியம் என்பது நல்ல பொருத்தமான சொல் 
956,  அதுவே இருக்கலாம் என்பது எனக்கு உடன்பாடே 
957,  எனினும் பாளி மொழி பற்றிப் பல்வேறு கருத்து வேறுபாடுகள் உள்ளன 
958,  எனினும் இது தற்பொழுது எந்த அளவு பயன் தரும் எனத் தெரியவில்லை 
959,  உயிரியல் குறித்து நிறைய எழுத ஆவல் 
960,  முதலில் இதைப் பதிவிறக்கம் செய்து கொள்ளவும் 
961,  தலைப்பு எவ்வளவு பொருத்தம் என்று பிற பயனர்களும் கருத்து சொன்னால் நன்றாக இருக்கும் 
962,  ஸ்ரீநிவாசன் இயக்கத்தில் வெளிவந்த இத்திரைப்படத்தில் ஜெய்சங்கர் ஜெயலலிதா மற்றும் பலரும் நடித்துள்ளனர் 
963,  விக்கிபீடியா பயனர்கள் பாலாஜி மற்றும் கோபி மற்றும் விக்கிபீடியாவின் அனாமதேய பயனர்கள் உடைய ஆக்கத்தை அடிப்படையாகக் கொண்டது 
964,  பின்னர் இவர் ஞானம் பெற்று புத்தர் ஞானம் பெற்றவர் ஆனார் 
965,  மூன்றாவது மனிதன் பதிப்பகம் தரமான நூல்களையும் வெளியிட்டு வருகிறது 
966,  இது ஐயா திரைப்படம் பற்றிய கட்டுரையின் விருத்தி தொடர்பான கலந்துரையாடலுக்கான பேச்சுப் பக்கமாகும் 
967,  குறிப்பிடத்தக்க தகவல்கள் ஏதும் இல்லையெனில் அவற்றை நீக்கலாம் 
968,  இது ஒரு விதத்தில் நல்லது தான் 
969,  கோபி வங்காள தமிழியல் என்பதும் பொருந்தும் 
970,  உலகிலேயே மிகப் பெரிய ஏரி இதுவே 
971,  கோயம்புத்தூர் மாவட்டமும் இதன் எல்லைகளாக அமைந்துள்ளன 
972,  நல்ல சுருக்கமான கட்டுரை சுந்தர் ரவி 
973,  நான் பிறந்து வளர்ந்த இடம் சென்னை 
974,  ராதா நடித்து வெளிவந்த சில திரைப்படங்கள் 
975,  முதலில் நாள்மீன் என்பதன் பொருளை என்னால் விளங்கிக் கொள்ள முடியாமல் இருந்தது 
976,  இப்பகுப்பில் ஐரோப்பாவில் காணப்படும் பறவைகள் அடங்கும் 
977,  ஸ்ரீநிவாசன் இயக்கத்தில் வெளிவந்த இத்திரைப்படத்தில் ரஜினிகாந்த் லக்ஸ்மி மற்றும் பலரும் நடித்துள்ளனர் 
978,  தேவநாகரி எழுத்துக்கள் தொடர்பாக எனக்கு இது குறித்து பெரிய தெளிவு ஏதும் இல்லை 
979,  கிட்டத்தட்ட இந்த சமூகத்தின் மன்னர்கள் என்று கூறலாம் 
980,  கருநாடக இசைக் கலைஞர்கள் குறித்த கட்டுரையைத் தொடங்குங்கள் 
981,  தரமான விரிவான கட்டுரை எழுதுவது ஒரு கலை தான் 
982,  நான் நாடுகள் பற்றி எனது கவனத்தை செலுத்த உள்ளேன் 
983,  இதுவே தென்கிழக்கு ஆசியாவில் மக்கள் தொகை மிகுந்த நாடு ஆகும் 
984,  எனவே இரண்டையும் இணைத்து விடலாம் என்ற உங்களது கருத்து சரியே 
985,  பருத்தி பற்றிய பழங்கால குறிப்புகள் இந்தியாவில் உள்ளன 
986,  சுவாமி இயக்கத்தில் வெளிவந்த இத்திரைப்படத்தில் பி.எஸ்.ஸ்ரீநிவாசராவ் எஸ்.ஆர்.சாந்தோ மற்றும் பலரும் நடித்துள்ளனர் 
987,  விசை பற்றி பிற கட்டுரைகளில் தேடிப்பாருங்கள் 
988,  இந்நகரம் நன்கு தொழில் வளர்ச்சியடைந்த நகரமாகும் 
989,  அப்படியே ஏற்கனவே பல பகுப்புக்கள் உண்டு 
990,  விஜய நாராயணன் இயக்கத்தில் வெளிவந்த இத்திரைப்படத்தில் ஜெய்சங்கர் லக்ஸ்மி மற்றும் பலரும் நடித்துள்ளனர் 
991,  கோபி லைடன் தீவு என்பதே பொதுப் பயன்பாட்டில் இருக்கும் செல் 
992,  கருநாடக இசைக் கலைஞர்கள் பற்றி பிற கட்டுரைகளில் தேடிப்பாருங்கள் 
993,  முற்காலத்தில் இது மிகவும் பெரிதாக இருந்தது என்று கூறப்படுகின்றது 
994,  படிமங்கள் பற்றிய ஒரு தெளிவான நிலைப்பாடு 
995,  இதுவே சரியான ஆட்சி காலம் ஆகும் 
996,  என்னால் இயன்ற அளவு தகவல்களைச் சேர்த்துள்ளேன் 
997,  நற்கீரன் இது ஒரு வகையான வகைப்படுத்தல் மட்டுமே 
998,  உங்களின் தமிழ் எழுத்தில் சற்று அதிகமான எழுத்துப் பிழைகள் இருக்கின்றன 
999,  இது அரசு உதவி பெறும் பள்ளி 
1000,  இவற்றின் எண்ணிக்கை பற்றிய தகவல்கள் இல்லை 
1001, அது குறித்த தகவல்களை தேடி எடுத்து தருகிறேன்
1002, தலித் இலக்கியம் பற்றி பல கட்டுரை எழுதியுள்ளார்
1003, இம்மொழி வங்காள தேசம் மற்றும் இந்தியாவின்
1004, ஏன் என்றால் உங்கள் ஆங்கிலம் நன்று
1005, எனவே லைடன் நெதர்லாந்து பொருத்தம் என்றே தோன்றுகின்றது
1006, கருநாடக இசை அறிஞர்கள் குறித்த கட்டுரையைத் தொடங்குங்கள்
1007, முத்துராமன் இயக்கத்தில் வெளிவந்த இத்திரைப்படத்தில் முத்துராமன் ஜெயலலிதா மற்றும் பலரும் நடித்துள்ளனர்
1008, இக்கட்டுரை குறித்து உங்களிடம் மேலும் தகவல்கள் இருந்தால் அருள்கூர்ந்து எனக்கு தெரிவிக்கவும்
1009, இது ஒரு பெரிய பிரச்சினை இல்லை என்று நினைக்கின்றேன்
1010, வைணவ இலக்கியங்கள் பற்றி பிற கட்டுரைகளில் தேடிப்பாருங்கள்
1011, எனது ஆங்கில விக்கிபீடியா பயனர் பக்கம்
1012, தற்போதைய நிலைமை ஒரு தொடக்க புள்ளி மட்டுமே
1013, இதன் எல்லைகளாக யாழ்ப்பாணம் கிளிநொச்சி மன்னார் வவுனியா திருகோணமலை விளங்குகின்றன
1014, இதை நான் உங்களுக்கு சொல்ல வேண்டியதில்லை
1015, தங்கள் வரவு தமிழ் விக்கிபீடியாவிற்கு மேலும் பலம் சேர்க்கும் என நம்புகிறேன்
1016, தற்போது தனியார் வானொலி நிலையம் ஒன்றில் பணியாற்றி வருகிறார்
1017, இந்த தலைப்பில் எழுத நீங்களே நல்ல பொருத்தம்
1018, இவற்றின் முக்கியத்துவம் ஏ தொடங்கி குறைந்து கொண்டு செல்கிறது
1019, கருநாடக இசை அறிஞர்கள் பற்றி பிற கட்டுரைகளில் தேடிப்பாருங்கள்
1020, மயூரநாதன் நீங்கள் விடுமுறை என்பதை அறிவேன்
1021, கோபி ரவி உமாபதி அனைவருக்கும் நன்றிகள்
1022, வேளாண்மை தொடர்பான கட்டுரைகள் இந்த பக்க வகையில் அடங்கும்
1023, தமிழ் மட்டுமல்ல எல்லா மொழிகளிலும் அவ்வாறு உள்ளன
1024, நீங்கள் பல பயனுள்ள வார்ப்புருக்களை உருவாக்கி வருவது கண்டு மகிழ்ச்சி
1025, ஆனாலும் ஆனந்தன் என்ற தலைப்பு அவ்வளவு பொருத்தமாக இல்லை
1026, வேதியியல் தொடர்பான கட்டுரைகள் இந்த பக்க வகையில் அடங்கும்
1027, இது வேதியியல் வினை என்று இருக்க வேண்டும் என நினைக்கிறேன்
1028, தமிழீழ விடுதலைப் புலிகள் இயக்கத்தின் தலைவர் ஆவார்
1029, ஜோர்ஜியா மாநிலத்தின் தலைநகரமும் மிகப்பெரிய நகரமும் ஆகும்
1030, மயூரநாதன் ஏற்ற மாற்றங்களை நீங்களே ஏற்படுத்தி விடுங்கள்
1031, அதில் ஒரு பகுதி தமிழர் வானியல் பற்றி பல செய்திகளை தருகின்றது
1032, இது பிரான்ஸ் ஜெர்மனி ஆகிய நாடுகளுக்கு அடுத்து அமைந்துள்ளது
1033, ஜாவா என்னும் தலைப்பில் உள்ள கட்டுரைகள் கீழே உள்ளன
1034, நல்ல தமிழ்ச் சொற்களைப் பயன்படுத்த வேண்டும் என்பதில் எனக்கு மாற்றுக் கருத்து இல்லை
1035, வேதியியல் என்று இருக்கவேண்டும் என்று எண்ணுகிறேன்
1036, இக் கட்டுரைகளிலும் லைடன் தீவு என்றே குறிப்பிடப்பட்டுள்ளது
1037, தமிழின் சிறப்பு என்னவென்றால் சொற்களை உணர்ந்து புரிய முடியும்
1038, அதை அனைவரும் ஏற்றுக்கொள்ள வேண்டிய அவசியம் இல்லை
1039, இவரைப் போல் இன்னும் பல பயனர்கள் விக்கிபீடியாவுக்கு வர வேண்டும் என்பது என் ஆவல்
1040, மணி ஜயர் மற்றும் பலரும் நடித்துள்ளனர்
1041, பழமையான முக்கிய இசை நூல்களில் இந்த இராகத்தின் பெயர் காணப்படுகின்றது
1042, இது மிகவும் குழப்பம் தரும் ஒன்றாக உள்ளது
1043, இவை நான்கு முதல் பத்து ஆண்டுகள் உயிர் வாழ்கின்றன
1044, விஜயன் இயக்கத்தில் வெளிவந்த இத்திரைப்படத்தில் சிவாஜி கணேசன் சுமித்ரா சுஜாதா மற்றும் பலரும் நடித்துள்ளனர்
1045, ஏனெனில் இரு சொற்களும் வேறு பொருள் கொண்டவை
1046, முத்துராமன் இயக்கத்தில் வெளிவந்த இத்திரைப்படத்தில் ரஜினிகாந்த் ஸ்ரீகாந்த் மற்றும் பலரும் நடித்துள்ளனர்
1047, என்னைப் பற்றிய உங்கள் அறிமுகம் கண்டேன்
1048, இனி நானும் தமிழிலேயே எழுத முயல்கிறேன்
1049, விக்கிபீடியா பயனர்கள் பாலச்சந்திரன் மற்றும் கோபி உடைய ஆக்கத்தை அடிப்படையாகக் கொண்டது
1050, உண்மையில் வேறு பலர் எழுதிய கட்டுரைகளையும் இப்படி கருத்து கூறலாம்
1051, அறிவியல் கட்டுரைகளில் ஒரே சொல் அனைத்து இடங்களிலும் வருதல் வேண்டும்
1052, ஆங்கில விக்கிபீடியாவில் இதை விட விரிவாக கதை விளக்கும் கட்டுரைகள் உள்ளன
1053, இன்று ஆங்கிலம் ஒரு உலக மொழி
1054, ஆமாம் ரவி செய்தி தகவல்கள் தான்
1055, விரைவில் பங்களிக்க வாய்ப்பு கிடைக்கும் என்று எதிர்பார்க்கிறேன்
1056, பாலு இயக்கத்தில் வெளிவந்த இத்திரைப்படத்தில் சிவாஜி கணேசன் சரோஜா தேவி மற்றும் பலரும் நடித்துள்ளனர்
1057, தமிழ் விக்கிமூலம் தொடர்பிலும் அதிக கவனம் எடுக்க வேண்டும்
1058, துணை வகைகள் இலக்கியத்தின் கீழ் உள்ள வகைகள்
1059, ஒரு கட்டுரைக்கு ஒரு முறை இணைப்பு தந்தால் போதுமானது
1060, எனவே களம் நிலம் போன்ற ஏதேனும் ஒன்று பொருந்தும்
1061, ஸ்ரீதர் இயக்கத்தில் வெளிவந்த இத்திரைப்படத்தில் முத்துராமன் பாலாஜி மற்றும் பலரும் நடித்துள்ளனர்
1062, தற்காலத்தில் இலங்கையில் இரண்டு குழுக்கள் உள்ளன
1063, ஒரு வேளை அந்தச் சொற்களை மாற்றும் முன் பேச்சு பகுதியில் முன் வைத்திருக்க வேண்டுமா என்று தெரியவில்லை
1064, ஆறு என்றால் வழி என்று பொருள்
1065, இது பற்றி மேலும் அறிய முயல்கிறேன்
1066, பொதுவாக தமிழ் விக்கிபீடியா கட்டுரைகளில் நல்ல தமிழ் பயன்படுத்தப்படுகிறது
1067, பாகிஸ்தான் தொடர்பான குறுங்கட்டுரைகள் குறித்த கட்டுரையைத் தொடங்குங்கள்
1068, இவை யாழ்ப்பாணத்தில் பிரபலமான உணவு வகைகள்
1069, இவர்களின் மொழி டச்சு மொழி ஆகும்
1070, அதன் பிறகு ஏறத்தாழ இரண்டு ஆண்டுகளுக்கு விக்கிரம சோழனின் ஆட்சி தொடர்ந்து நடைபெற்றது
1071, சர்வதேச என்பதற்கு பதில் அனைத்துலக என்று சொல்லலாம்
1072, சுந்தரம் பாலச்சந்தர் இயக்கத்தில் வெளிவந்த இத்திரைப்படத்தில் சிவாஜி கணேசன் மற்றும் பலரும் நடித்துள்ளனர்
1073, அதுவே முக்கியமான பிரச்சினைகள் ஆகவும் இருக்கக்கூடும்
1074, ரவி வேறு ஒரு நண்பர் சுட்டிக் காட்டினார்
1075, அந்த சொற்கள் பல இன்றும் இலங்கையில் வழக்கமாக இருக்கின்றன
1076, புதிய தமிழகம் கட்சி ஒரு தமிழ்நாட்டு அரசியல் கட்சி
1077, இங்கு என்ன பிரச்சினை என்பது விளங்கவில்லை
1078, இது காட்டு மனிதன் எனப் பொருள் தரும்
1079, இந்தியாவின் கிழக்குப் பகுதியில் அமைந்த மாநிலமாகும்
1080, இதை விட சிறந்த கலைச்சொற்கள் இருக்க வேண்டும்
1081, சோழர்கள் பற்றிய ஒரு கட்டுரை ஏற்கனவே உண்டு
1082, பாகிஸ்தான் தொடர்பான குறுங்கட்டுரைகள் பற்றி பிற கட்டுரைகளில் தேடிப்பாருங்கள்
1083, பாலச்சந்தர் இயக்கத்தில் வெளிவந்த இத்திரைப்படத்தில் சிவகுமார் ஜெயசித்ரா மற்றும் பலரும் நடித்துள்ளனர்
1084, அந்த சொல்லின் மூலம் பற்றி தெரியாது
1085, ஆயினும் அதில் தமிழ் மொழி இருக்கவில்லை
1086, இவரின் அரசியல் தமிழீழ விடுதலைப் புலிகளின்
1087, உலகில் பல்வேறு இசை முறைகள் வழங்கி வருகின்றன
1088, நீங்கள் இங்கு வந்து கட்டுரை எழுதுவதில் எனக்கு மிகவும் மகிழ்ச்சி
1089, கட்டுரையில் மாற்றுவது பொருந்தும் என நினைக்கிறேன்
1090, எடுத்துக் காட்டு என்பது தமிழ் உதாரணம் என்பது வடமொழியில் இருந்து தமிழில் வழங்கும் கடன் சொல்
1091, துரை இயக்கத்தில் வெளிவந்த இத்திரைப்படத்தில் ரஜினிகாந்த் ஜெயசித்ரா மற்றும் பலரும் நடித்துள்ளனர்
1092, இது ஒரு இஸ்லாமிய குடியரசு நாடாகும்
1093, நம்பியார் ஆகியோரின் இயக்கத்தில் வெளிவந்த இத்திரைப்படத்தில் மற்றும் பலரும் நடித்துள்ளனர்
1094, எதிர் இணைப்புக்களை தானியங்கி ஏற்படுத்தி விடும்
1095, இந் நூல்களில் பெரும்பாலும் தமிழ்ச் சொற்கள் மட்டுமே இருக்கும்
1096, இது என் வீடு பற்றிய கட்டுரையின் விருத்தி தொடர்பான கலந்துரையாடலுக்கான பேச்சுப் பக்கமாகும்
1097, அதைத் தெளிவாக முதல் வரியில் குறிப்பிடுவது நலம்
1098, தற்சமயம் நான்கு நிலைகளில் வகை செய்யப்படுகின்றன
1099, இன்று முழுவதும் இது அதிகரிக்க வில்லை
1100, இதனால் ஒரு சிறு குழப்பம் வர வாய்ப்புள்ளது
1002, ஊட்டி  மற்ற எல்லா இடங்களையும் விட மிக குளிர்ந்த பகுதியாகும்.
1003, எனக்கு ஒரு வங்கியில் வேலை கிடைத்தது.
1004, அவள் வேகமாக நடப்பாள்
1005, நான் தினமும் இருமுறை குளிக்கிறேன்
1006, நல்ல குழந்தை எப்பொழுதும் நன்றாக படிக்கும்
1007, அவள் எப்பொழுதும் வளையல்கள் அணிந்திருப்பாள்
1008, என் அம்மா வீட்டை சுத்தம் செய்துக் கொண்டிருக்கிறார்
1009,  ஆசிரியை பள்ளிக்கூடத்துக்கு சென்றுக் கொண்டிருக்கிறார்
1010, பூனை மரத்தடியில் படுத்துக் கொண்டிருக்கிறது
1011, நான் கதை புத்தகம் படித்துக் கொண்டிருக்கிறேன்
1012, நான் கதை புத்தகம் படித்துக் கொண்டிருக்கிறேன்
1013, அவள் கடைக்கு போய்க் கொண்டிருக்கிறாள்
1014, நான் சென்னை போய்க் கொண்டிருக்கலாம்
1015,  அவள் பொம்மைகளுடன் விளையாடிக் கொண்டிருக்கலாம்
1016, சீதா புத்தகம் படித்துக் கொண்டிருக்கலாம்
1017, அவன் பணத்தை திருப்பி தந்து விடலாம்
1018, அவர்கள் சொல்வது சரியாக இருக்கலாம்
1019, அவன் பேனாவை திருப்பி கொடுத்து விடலாம்
1020, நான் நிச்சயமாக காலையில் திரும்பி விடுவேன்
1021, குழந்தைகள் பள்ளிக்கூடத்துக்கு செல்வார்கள்
1022, நான் இந்த அறையை விட்டு எப்பொழுது வேண்டுமானாலும் விடைபெறுவேன்
1023, நான் என்னுடைய தோழர்களை அழைக்கலாம்
1024, இல்லை எனக்கு காய்ச்சல் உள்ளது
1025, குரைக்கிற நாய் கடிக்காது
1026, ஒன்றும் செய்ய இயலாது
1027, வீட்டிற்கு வந்து பொருட்களை தர முடியுமா?
1028, எனக்கு நீந்த முடியும்.ஏன் முடியாதா?
1029,   அவர்கள் சாப்பிட்டு கொண்டிருக்கிறார்கள்.இல்லையா?
1030, உனது பொம்மையை கண்டுப்பிடிக்க முடியவில்லையா?
1031,   தண்ணீர் தாரலமாக உள்ளது.இல்லையா என்ன?
1032, நீ பள்ளிக்கூடத்துக்கு செல்ல வில்லையா?
1033, அவர்கள் நிச்சயம் வருவார்கள்.இல்லயா?
1034,  உனது பந்தை கண்டுப்பிடிக்க முடியவில்லையா?
1035, நீங்கள் ஏன் வரவில்லை?
1036, நீங்கள் எப்படி இங்கே வந்தீர்கள்
1038, நீ ஆனந்தமாக இருக்கிறாயா?
1039, அவன் பாடி கொண்டிருந்தானா?
1040, நேற்று நீ சந்தோஷமாக இருந்தாயா?
1041, காபி மிகவும் சூடாக இருந்ததா?
1042, இப்பொழுது மணி என்ன?
1043,  உன்னுடைய வயது என்ன?
1044,   நீ எப்பொழுது வருவாய்?
1045, உங்களுடைய வீடு எது?
1046,  உங்களுடைய பேனா எது?
1047, உங்களுக்கு பிடித்த வண்ணம் எது?
1048, உங்களுடைய புத்தகம் எது?
1049, நீங்கள் எப்படி சமாளிக்கிறீர்கள்?
1050, நான் எவ்வளவு பணம் செலுத்த வேண்டும்?
1051, வகுப்பறையில் எத்தனை மாணவர்கள் உள்ளனர்?
1052, நான் எத்தனை காலம் காத்திருக்க வேண்டும்?
1053, இங்கு எத்தனை பேர் உள்ளனர்?
1054, டெல்லியில் எத்தனை காலமாக இருக்கிறீர்கள்?
1055,  உனக்கு என்ன வயது?
1056, நீங்கள் எப்படி இருக்கிறீர்கள்?
1057, அந்த பாடல் யார் பாடினார்?
1058, அந்த நபர் யார்?
1059, நீங்கள் யாருக்கு வாக்கு கொடுத்தீர்கள்?
1060, நாம் யாரை சந்திக்க வேண்டும்?
1061, யாருடைய வீடு அது?
1062,  அந்த புத்தகம் யாருடையது
1063, அங்கு யார் நிற்ப்பது?
1064, நேற்று யார் ஆடினார்கள்?
1065, நீ எதற்கு ஆனந்தமாய் இருக்கிறாய்?
1066,  அவள் எதற்கு அழுதாள்?
1067, உன்னுடைய கைகடிகாரம் எங்கே?
1068,  உன்னுடைய வீடு எங்கே?
1069, உன்னுடைய பிறந்த நாள் எப்பொழுது?
1070, நீ எப்பொழுது வருவாய்?
1071, உன்னுடைய வயது என்ன?
1072,  இப்பொழுது மணி என்ன?
1073, நான் உங்களுடைய கவனத்தை பெறலாமா?
1074, நாம் இதை சேர்ந்து செய்வோமா?
1075, என்னை கோயிலில் இறக்கி விட முடியுமா?
1076, எனக்கு உன்னுடைய வளையல்களை தர முடியுமா?
1077, நான் உன் கூட விளையாடலாமா?
1078, அவன் அலுவலகத்துக்கு வர முடியுமா?
1079, நான் உள்ளே வரலாமா?
1080, நீ எனக்கு பதில் சொல்ல முடியுமா?
1081, பதில் தவறாக இருந்தாலும் நீ எனக்கு அதை சொல்வாயா?
1082, நாம் விளையாடுவோமா?
1083, அவன் எனக்கு சாக்லேட்கள் தருவானா?
1084, நாம் பள்ளிக்கூடத்திற்கு செல்வோமா?
1085,  அவர்கள் கல்யாணத்திற்க்கு செல்வார்களா?
1086, நான் உன்னை தொந்தரவு செய்யக் கூடாதா?
1087,  நான் கோயிலுக்கு வர வேண்டுமா?
1088, நீ எனக்கு அந்த புத்தகம் தருவாயா?
1089,  நீ உன்னுடைய பணத்தை செலவழித்து விட்டாயா ?
1090, நீ எப்பொழுதாவது டெல்லிக்கு சென்றிருக்கிறாயா ?
1091, நீ மதியம் உணவு சாப்பிடாயா ?
1092, அவன் கதையை எழுதி முடித்தானா?
1093, அனு பேருந்தை தவர விட்டாளா?
1094, நீ உன்னுடைய வேலையை முடித்து விட்டாயா?
1095, நீ உன்னுடைய பேனாவை கண்டுப்பிடித்து விட்டாயா?
1096, நீ மணி அடித்தாயா ?
1097, நீ என்னை அழைத்தாயா?
1098,  அங்கு மழை பெய்யுமா?
1099,  நீ ஹிந்தி பேசுவாயா?
1100, நீ புகைப்பிடிப்பாயா ?
1101, அவள் குளித்தாளா ?
1102,   நீ அங்கு சென்றாயா ?
1103, அவனுக்கு பிடித்திருக்கிறதா ?
1104, நன்றி.
1105, ஜன்னலைத் திற
1106, தயவு செய்து எனக்கு உதவி செய்
1107, அறம் செய விரும்பு
1108, ஆறுவது சினம்
1109, கண்டொன்று சொல்லேல்
1110, நன்றி மறவேல்
1111, தயவுசெய்து பள்ளிக்குச் செல்லுங்கள்
1112, முன் கதவை மூடு
1113, வெளியே போ!
1114, தயவுசெய்து அமைதியாக இருங்கள்.
1115, அடுப்பை முன்கூட்டியே சூடாக்கவும்.
1116, வாணலியில் எண்ணெய் பயன்படுத்தவும்.
1117, எல்லா குக்கீகளையும் சாப்பிட வேண்டாம்.
1118, மேசையிலிருந்து நாய்க்கு உணவளிப்பதை நிறுத்துங்கள்.
1119, இன்று இரவு எங்களுடன் வெளியே வாருங்கள்.
1120, தயவுசெய்து இரவு உணவிற்கு எங்களுடன் சேருங்கள்.
1121, ஜெர்மன் மேய்ப்பன் அல்ல ஐரிஷ் ஓநாய் தேர்வு செய்யுங்கள்.
1122, அந்த ஆடையுடன் உங்கள் தங்க நெக்லஸை அணியுங்கள்.
1123, சீமஸ் அல்ல ஈமான் தேர்வு செய்யவும்.
1124, நீங்கள் சூடான ஆடைகளை பேக் செய்யுங்கள்
1125, எனக்காக காத்திரு.
1126, என்னை மணந்து கொள்
1127, அமைதியை கடைப்பிடி
1128, எனக்கு ஒரு கிளாஸ் தண்ணீர் கொண்டு வாருங்கள்.
1129, எனது தொலைபேசியை எப்போதும் தொடாதே
1130, எனக்கு ஒரு பேனாவையும் பென்சிலையும் கொடுங்கள்.
1131, தீவிரத்துடனும் தைரியத்துடனும் விளையாடுங்கள்.
1132, நாங்கள் பிரிந்ததும் என்னை நினைவில் வையுங்கள்.
1133, உன்னை நேசிக்கும் நபரை ஒருபோதும் மறக்க வேண்டாம்.
1134, ஒரு படி எடுத்து நகர்த்த வேண்டாம்.
1135, காரணம் இல்லாமல் எல்லாவற்றையும் பற்றி உற்சாகமாக இருக்க வேண்டாம்
1136, அவசரப்பட வேண்டாம் அல்லது நீங்கள் விழுவீர்கள்.
1137, உங்கள் எழுதும் திறனை மேம்படுத்த நிறையப் படியுங்கள்.
1138, உங்களுக்கு வாய்ப்பு கிடைக்கும்போதெல்லாம் எழுதுங்கள்.
1139, இரவில் வெளியே இருக்க வேண்டாம்.
1140, தயவுசெய்து கதவைத் திறக்கவும்.
1141, ஒரு கப் கபூசினோ வேண்டும்.
1142, நீங்கள் முதலில் கையை கழுவி பின்னர் சாப்பிடுங்கள்.
1143, தயவுசெய்து புத்தகத்தை என்னிடம் கொண்டு வாருங்கள்.
1144, தயவுசெய்து என் நுணுக்கத்தை மன்னியுங்கள் ஆனால் நீங்கள் அதை தவறாக உச்சரித்திருக்கிறீர்கள்
1145, என்னை ஒருபோதும் நஷ்டம் என்று அழைக்க வேண்டாம்.
1146, அதை எடுப்பதற்கு முன் உங்கள் அடியைப் பாருங்கள்.
1147, தயவுசெய்து எனக்கு கடன் வழங்குங்கள்.
1148, வெஸ்டெரோஸ் ராஜா நீண்ட காலம் வாழட்டும்!
1149, வெஸ்டெரோஸ் ராஜா நீண்ட காலம் வாழ்க.
1150, உங்கள் பேரக்குழந்தைகளைப் பார்க்க நீங்கள் இருவரும் நீண்ட காலம் வாழட்டும்!
1151, கடவுள் நம் அனைவரையும் ஆசீர்வதிப்பாராக!
1152, அன்பை வாங்கும் அளவுக்கு நீங்கள் வெற்றிபெறட்டும்!
1153, இந்த சோகத்தில் சர்வவல்லவர் உதவட்டும்!
1154, நீங்கள் மிகவும் வெற்றிகரமான திருமண வாழ்க்கையை விரும்புகிறேன்!
1155, நீங்கள் ஒன்றாக மகிழ்ச்சியான பயணத்தை விரும்புகிறேன்!
1156, போட்டியில் உங்கள் அணி வெற்றி பெறட்டும்!
1157, ஏய்! எனது தொலைபேசியைத் தொடாதே.
1158, ஐயோ! அவளுடைய இறுதி சடங்கில் என்னால் இருக்க முடியவில்லை.
1159, ஹஷ்! உங்கள் தந்தை தூங்குகிறார்.
1160, என்ன ஒரு சலிப்பான நாள்!
1161, அவர் வாய் திறக்கும்போது அது எவ்வளவு அருவருப்பானது!
1162, உங்களிடம் எவ்வளவு நல்ல கார் இருக்கிறது!
1163, என்ன ஒரு சரிவு!
1164, உடை எவ்வளவு அழகாக இருக்கிறது!
1165, ஹர்ரே! நாங்கள் மியாமிக்குச் செல்கிறோம்.
1166, அத்தகைய காட்சியைக் காண நான் எவ்வளவு பாக்கியவான்கள்!
1167, இது எவ்வளவு அழகான நாடு!
1168, பிரஞ்சு மொழியில் அந்த பெண் எவ்வளவு சரளமாக பேசுகிறார்!
1169, என்ன ஒரு பரிதாபம்! நீங்கள் எங்களுடன் சேர முடியாது.
1170, அவர் வெளியேற வேண்டும் என்று நான் விரும்புகிறேன்!
1171, எனக்கு கச்சேரி டிக்கெட் கிடைத்தது!
1172, அச்சச்சோ! ஏன் என்னை கத்துகிறாய்?
1173, நான் இல்லை!
1174, பிறந்தநாள் வாழ்த்துக்கள் ஆமி!
1175, பிறந்தநாள் வாழ்த்துக்கள்!
1176, நன்றி சிவா !
1177, நான் வெறுக்கிறேன்!
1178, ஐஸ்கிரீம் சண்டேஸ் எனக்கு மிகவும் பிடித்தவை!
1179, ஆஹா நான் உன்னை மிகவும் நேசிக்கிறேன்!
1180, ஆஹா நீங்கள் அழகாக இருக்கிறீர்கள்!
1181, அருமை போகலாம்!
1182, என்ன ஒரு அழகான பூச்செண்டு!
1183, என்ன ஒரு அழகான நாய்க்குட்டி!
1184, 	!
1185, என்ன ஒரு அசிங்கமான பிழை!
1186, அவர்கள் சூரிய ஒளியில் எவ்வளவு பிரகாசமாக வளர்ந்திருக்கிறார்கள்!
1187, அவர் எவ்வளவு நன்றாகக் கேட்பார்!
1188, அவர்கள் எவ்வளவு மெதுவாக வலம் வருகிறார்கள்!
1189, நீங்கள் எவ்வளவு வேகமாக ஓடினீர்கள்!
1190, அந்த பிறந்த நாள் கேக் மிகவும் நன்றாக இருந்தது!
1191, சிவாவின் பரிசு மிகவும் ஆச்சரியமாக இருந்தது!
1192, யூ அந்த பிழை மிகவும் அசிங்கமானது!
1193, எனக்கு இப்போது மிகவும் பைத்தியம்!
1194, அவர் ஒரு கனிவான ஆத்மா!
1195, அது போன்ற ஒரு அழகான மோதிரம்!
1196, உங்கள் நாய்க்குட்டி அத்தகைய அழகா!
1197, நீங்கள் அத்தகைய பொய்யர்!
